expense_category,expense_name,budget,expenditures,source_lines,elapsed_pct,expected_spend_to_date,remaining_budget,utilization_pct,pace_variance,pace_gap_pct_points,linear_run_rate_proxy,projected_variance_proxy,pace_status
Personnel & benefits,Regular wages - full-time,1096088089.0,684276033.15,1307,75.0,822066066.75,411812055.85,62.42892701938667,-137790033.60000002,-12.57107298061333,912368044.1999999,-183720044.80000007,Below pace
Personnel & benefits,Regular wages - Civil Services,380660631.0,219102193.19,145,75.0,285495473.25,161558437.81,57.55840645102067,-66393280.06,-17.441593548979327,292136257.58666664,-88524373.41333336,Below pace
Transfers & debt service,Trf to Util D/S Separate Lien,376506685.0,269425272.46,4,75.0,282380013.75,107081412.54000002,71.55922675317171,-12954741.290000021,-3.440773246828286,359233696.6133333,-17272988.386666715,Near pace
Contractual services,Services-other,355776696.0,272115571.99,864,75.0,266832522.0,83661124.00999999,76.48493424369762,5283049.99000001,1.484934243697623,362820762.65333337,7044066.653333366,Near pace
Transfers & debt service,Trf to Electric CIP Fund,347444627.0,229911850.4,3,75.0,260583470.25,117532776.6,66.17222789863433,-30671619.849999994,-8.827772101365667,306549133.8666667,-40895493.133333325,Below pace
Transfers & debt service,Interest payment D/S funds,281736398.0,251364954.84,14,75.0,211302298.5,30371443.159999996,89.21990790838463,40062656.34,14.219907908384627,335153273.12,53416875.120000005,Above pace
Personnel & benefits,Insurance-health/life/dental,262218137.0,181720255.41,1298,75.0,196663602.75,80497881.59,69.30117706160043,-14943347.340000004,-5.698822938399573,242293673.88,-19924463.120000005,Below pace
Personnel & benefits,Contribution to employees ret,224370008.0,175847609.32,1287,75.0,168277506.0,48522398.68000001,78.37393726883496,7570103.319999993,3.3739372688349647,234463479.09333333,10093471.093333334,Near pace
Contractual services,Administrative Support,219058688.0,182588138.7,33,75.0,164294016.0,36470549.30000001,83.35124270442084,18294122.699999988,8.35124270442084,243450851.6,24392163.599999994,Above pace
Personnel & benefits,Medical Claims,213658821.0,189558146.95,9,75.0,160244115.75,24100674.050000012,88.72001917018909,29314031.199999988,13.72001917018909,252744195.9333333,39085374.93333331,Above pace
Transfers & debt service,Trf to General Fund,210345014.0,175545844.97,7,75.0,157758760.5,34799169.03,83.45614741787985,17787084.47,8.456147417879848,234061126.62666667,23716112.626666665,Above pace
Transfers & debt service,Principal payment D/S funds,207500000.0,207499999.99,11,75.0,155625000.0,0.009999990463256836,99.99999999518073,51874999.99000001,24.99999999518073,276666666.65333337,69166666.65333337,Above pace
Contractual services,Transmission Cost of Service,207041178.0,173006174.48,1,75.0,155280883.5,34035003.52000001,83.56123943614733,17725290.97999999,8.561239436147332,230674899.30666664,23633721.306666642,Above pace
Transfers & debt service,Trf to Airport CIP Fund,196000000.0,100000000.0,2,75.0,147000000.0,96000000.0,51.02040816326531,-47000000.0,-23.97959183673469,133333333.33333333,-62666666.66666667,Below pace
Grants & contributions,Grants to subrecipients,184848789.0,89076840.12,105,75.0,138636591.75,95771948.88,48.18903093814696,-49559751.629999995,-26.810969061853037,118769120.16000001,-66079668.83999999,Below pace
Transfers & debt service,Redemption of principal-gen,172161028.0,21435000.0,2,75.0,129120771.0,150726028.0,12.450552978807725,-107685771.0,-62.54944702119228,28580000.0,-143581028.0,Below pace
Transfers & debt service,Trf to Airport Capital Fund,122221268.0,0.0,1,75.0,91665951.0,122221268.0,0.0,-91665951.0,-75.0,0.0,-122221268.0,Below pace
Transfers & debt service,Interest-general,114585648.0,58146052.17,4,75.0,85939236.0,56439595.83,50.74462045194351,-27793183.83,-24.25537954805649,77528069.56,-37057578.44,Below pace
Transfers & debt service,Trf to ABIA 95 D/S Fund,113484328.0,92321400.0,3,75.0,85113246.0,21162928.0,81.3516735103723,7208154.0,6.351673510372294,123095200.0,9610872.0,Above pace
Other operating costs,CTM Support,110498454.0,92157496.9,42,75.0,82873840.5,18340957.099999994,83.40161655112388,9283656.400000006,8.40161655112388,122876662.53333335,12378208.533333346,Above pace
Other operating costs,FICA tax,91473307.0,72884082.06,1325,75.0,68604980.25,18589224.939999998,79.6779786916417,4279101.810000002,4.677978691641698,97178776.08,5705469.079999998,Near pace
Transfers & debt service,Trf to Wastewater CIP Fund,90150000.0,74463408.0,1,75.0,67612500.0,15686592.0,82.59945424292846,6850908.0,7.599454242928459,99284544.0,9134544.0,Above pace
Other operating costs,Prescription plan,88055938.0,75509994.59,9,75.0,66041953.5,12545943.409999996,85.75230280324763,9468041.090000004,10.75230280324763,100679992.78666668,12624054.786666676,Above pace
Other operating costs,STP-operating expense,71414960.0,57685977.15,3,75.0,53561220.0,13728982.850000001,80.77576063894736,4124757.1499999985,5.775760638947361,76914636.2,5499676.200000003,Above pace
Transfers & debt service,Debt defeasance payment D/S funds,70933211.0,0.0,3,75.0,53199908.25,70933211.0,0.0,-53199908.25,-75.0,0.0,-70933211.0,Below pace
Personnel & benefits,Temporary employees,69745201.0,46964879.41,813,75.0,52308900.75,22780321.590000004,67.33779347771899,-5344021.340000004,-7.662206522281011,62619839.21333333,-7125361.786666669,Below pace
Transfers & debt service,Trf to Convention Center,69129558.0,57713440.0,2,75.0,51847168.5,11416118.0,83.48590916782659,5866271.5,8.485909167826591,76951253.33333333,7821695.333333328,Above pace
Transfers & debt service,Trf to Conv Ctr Tax Fund,68436109.0,70467424.88,1,75.0,51327081.75,-2031315.8799999952,102.96819312155809,19140343.129999995,27.968193121558087,93956566.50666666,25520457.50666666,Above pace
Grants & contributions,Contribution to police ret,68109417.0,54223155.230000004,98,75.0,51082062.75,13886261.769999996,79.61183286886745,3141092.480000004,4.611832868867452,72297540.30666667,4188123.306666672,Near pace
Transfers & debt service,Trf to Conv Ctr Capital Fund,64420235.0,61311245.31,4,75.0,48315176.25,3108989.6899999976,95.17389265965888,12996069.060000002,20.173892659658875,81748327.08,17328092.08,Above pace
"Supplies, technology & equipment",Maintenance-computer software,63723601.0,45122707.53,263,75.0,47792700.75,18600893.47,70.81004027063693,-2669993.219999999,-4.189959729363068,60163610.04,-3559990.960000001,Near pace
Other operating costs,Interdepartmental Charges,63391217.0,47149620.38,291,75.0,47543412.75,16241596.619999997,74.37879032989696,-393792.3699999973,-0.6212096701030418,62866160.50666667,-525056.4933333322,Near pace
Personnel & benefits,Overtime - Civil Service,58374471.0,62147194.25,150,75.0,43780853.25,-3772723.25,106.46296777575937,18366341.0,31.462967775759367,82862925.66666667,24488454.66666667,Above pace
Other operating costs,Fleet-equip.preventative maint,58279227.0,47029294.37,335,75.0,43709420.25,11249932.630000003,80.69649648922076,3319874.1199999973,5.696496489220763,62705725.82666666,4426498.826666661,Above pace
Contractual services,Services-construction contr,54933510.0,39414346.14,70,75.0,41200132.5,15519163.86,71.74918577021566,-1785786.3599999994,-3.250814229784339,52552461.52,-2381048.4799999967,Near pace
Contractual services,Services-Software as a Service,53918764.0,41043780.24,321,75.0,40439073.0,12874983.759999998,76.12151539675502,604707.2400000021,1.121515396755015,54725040.32,806276.3200000003,Near pace
Other operating costs,Fayette operating expense,48616000.0,42688671.04,1,75.0,36462000.0,5927328.960000001,87.80786374856015,6226671.039999999,12.807863748560152,56918228.053333335,8302228.053333335,Above pace
Contractual services,Services-PID contract expense,42904252.0,3663727.62,11,75.0,32178189.0,39240524.38,8.539311255210789,-28514461.38,-66.46068874478921,4884970.16,-38019281.84,Below pace
Personnel & benefits,Overtime,39708058.0,37077477.68,915,75.0,29781043.5,2630580.3200000003,93.37519774953486,7296434.18,18.375197749534863,49436636.906666666,9728578.906666666,Above pace
Transfers & debt service,Trf to Water CIP Fund,37520000.0,29307816.0,1,75.0,28140000.0,8212184.0,78.11251599147121,1167816.0,3.112515991471213,39077088.0,1557088.0,Near pace
Contractual services,Electric services,37430127.0,31907348.81,207,75.0,28072595.25,5522778.190000001,85.24509898136333,3834753.5599999987,10.245098981363327,42543131.74666666,5113004.746666662,Above pace
Other operating costs,Utility Billing System Support,34568755.0,28807295.84,6,75.0,25926566.25,5761459.16,83.33333335261857,2880729.59,8.333333352618567,38409727.78666667,3840972.786666669,Above pace
Other operating costs,Indirect costs-FMC 74-4,33506268.0,55000894.239999995,112,75.0,25129701.0,-21494626.239999995,164.15106045233085,29871193.239999995,89.15106045233085,73334525.65333332,39828257.65333332,Above pace
Transfers & debt service,Trf to Water Operating Fund,32525173.0,27081859.13,4,75.0,24393879.75,5443313.870000001,83.26430463567404,2687979.379999999,8.264304635674037,36109145.50666667,3583972.5066666678,Above pace
Other operating costs,Chemicals,32168241.0,20684641.43,151,75.0,24126180.75,11483599.57,64.30143765088057,-3441539.3200000003,-10.698562349119427,27579521.906666666,-4588719.093333334,Below pace
Contractual services,Services-IT staffing,31723227.0,18025800.48,84,75.0,23792420.25,13697426.52,56.82208963167587,-5766619.77,-18.177910368324127,24034400.64,-7688826.359999999,Below pace
Transfers & debt service,Trf to Watershed CIP Fund,31243153.0,23807364.75,6,75.0,23432364.75,7435788.25,76.2002629824205,375000.0,1.2002629824204973,31743153.0,500000.0,Near pace
Grants & contributions,Contribution to firefighter rt,31239239.0,25624684.48,26,75.0,23429429.25,5614554.52,82.02723657897045,2195255.2300000004,7.027236578970445,34166245.97333334,2927006.9733333364,Above pace
Contractual services,Consultant-others,30888615.99,10704849.97,177,75.0,23166461.9925,20183766.019999996,34.65629529489321,-12461612.022499999,-40.34370470510679,14273133.293333335,-16615482.696666664,Below pace
Transfers & debt service,Trf to Conv Ctr Venue Fund,30416048.0,31322682.16,1,75.0,22812036.0,-906634.1600000001,102.98077567473591,8510646.16,27.98077567473591,41763576.21333333,11347528.213333331,Above pace
Contractual services,Consulting-information technology,30003440.0,18238548.96,88,75.0,22502580.0,11764891.04,60.788192820556574,-4264031.039999999,-14.211807179443426,24318065.28,-5685374.719999999,Below pace
Transfers & debt service,TRF CRF to Debt Defeasance,30000000.0,76619867.1,3,75.0,22500000.0,-46619867.099999994,255.39955699999996,54119867.099999994,180.39955699999996,102159822.8,72159822.8,Above pace
Other operating costs,Facilities Management Support,28967879.0,3396529.48,48,75.0,21725909.25,25571349.52,11.725157647889926,-18329379.77,-63.27484235211007,4528705.973333334,-24439173.026666667,Below pace
Other operating costs,CTECC Support,27385284.0,22871462.9,12,75.0,20538963.0,4513821.1000000015,83.51734785733827,2332499.8999999985,8.517347857338265,30495283.866666663,3109999.8666666634,Above pace
Transfers & debt service,Trf to ACCD HOT D/S Fund,26807801.0,7171700.0,2,75.0,20105850.75,19636101.0,26.75228751511547,-12934150.75,-48.24771248488453,9562266.666666666,-17245534.333333336,Below pace
Transfers & debt service,Trf to Other Enterprise DS Rsv,24810721.0,20675600.9,2,75.0,18608040.75,4135120.1000000015,83.33333360203437,2067560.1499999985,8.333333602034372,27567467.866666663,2756746.8666666634,Above pace
Transfers & debt service,Trf to GO Debt Service,24275237.0,23449603.0,18,75.0,18206427.75,825634.0,96.59886327783329,5243175.25,21.59886327783329,31266137.333333332,6990900.333333332,Above pace
Transfers & debt service,Trf to Economic Development,23729461.0,19795649.5,6,75.0,17797095.75,3933811.5,83.42224671685547,1998553.75,8.422246716855469,26394199.333333332,2664738.333333332,Above pace
Other operating costs,Medicare tax,23507075.0,19169876.38,1332,75.0,17630306.25,4337198.620000001,81.54939047074126,1539570.129999999,6.549390470741258,25559835.173333332,2052760.173333332,Above pace
Transfers & debt service,Trf to Conv Ctr CIP Fund,21858638.0,20858638.0,3,75.0,16393978.5,1000000.0,95.4251495449991,4464659.5,20.4251495449991,27811517.333333332,5952879.333333332,Above pace
"Supplies, technology & equipment",Maintenance-computer hardware,21327141.0,15650319.32,73,75.0,15995355.75,5676821.68,73.3821721345585,-345036.4299999997,-1.6178278654414981,20867092.426666666,-460048.5733333342,Near pace
Other operating costs,Interdeptl-council priorities,20749550.0,50000.0,2,75.0,15562162.5,20699550.0,0.2409690812571839,-15512162.5,-74.75903091874281,66666.66666666667,-20682883.333333332,Below pace
Transfers & debt service,Trf to Historical Preservation Fund,20530832.0,20255889.08,2,75.0,15398124.0,274942.9200000018,98.66082913736763,4857765.079999998,23.660829137367628,27007852.106666666,6477020.1066666655,Above pace
Contractual services,Services-security,20130962.0,13899376.7,131,75.0,15098221.5,6231585.300000001,69.04477143218492,-1198844.8000000007,-5.955228567815084,18532502.266666666,-1598459.7333333343,Below pace
Transfers & debt service,Trf to Airport Operating Fund,19706476.0,19788223.41,3,75.0,14779857.0,-81747.41000000015,100.41482510622396,5008366.41,25.414825106223958,26384297.88,6677821.879999999,Above pace
Transfers & debt service,Trf to Wastewater Operating Fund,19053083.0,18460800.619999997,5,75.0,14289812.25,592282.3800000027,96.89140922757748,4170988.3699999973,21.891409227577483,24614400.826666664,5561317.826666664,Above pace
Other operating costs,Gasoline/oil/grease,17725482.0,14343477.71,134,75.0,13294111.5,3382004.289999999,80.92009971858593,1049366.210000001,5.920099718585931,19124636.94666667,1399154.946666669,Above pace
Transfers & debt service,Trf to PEC Operating Fund,17350014.0,14458345.0,3,75.0,13012510.5,2891669.0,83.33333333333333,1445834.5,8.333333333333329,19277793.333333332,1927779.333333332,Above pace
"Supplies, technology & equipment",Transportation-city veh fuel,17239817.0,13965372.09,332,75.0,12929862.75,3274444.91,81.00649844485008,1035509.3399999999,6.006498444850081,18620496.12,1380679.120000001,Above pace
"Supplies, technology & equipment",Maintenance-other equipment,17209845.0,13912869.91,269,75.0,12907383.75,3296975.09,80.84250561233992,1005486.1600000001,5.84250561233992,18550493.213333335,1340648.2133333348,Above pace
Transfers & debt service,Trf to CIP Mgm - CPM,17124400.0,14443088.3,20,75.0,12843300.0,2681311.6999999993,84.34215680549391,1599788.3000000007,9.342156805493914,19257451.066666666,2133051.0666666664,Above pace
Contractual services,Services-temporary employme,17092684.0,9915554.42,24,75.0,12819513.0,7177129.58,58.01051736520724,-2903958.58,-16.989482634792758,13220739.226666667,-3871944.7733333334,Below pace
Contractual services,Services-engineering,16827376.0,6330186.09,56,75.0,12620532.0,10497189.91,37.618379062784356,-6290345.91,-37.381620937215644,8440248.12,-8387127.880000001,Below pace
Transfers & debt service,TRF Operating to Debt Defeasance,16633211.0,16626446.88,3,75.0,12474908.25,6764.11999999918,99.95933364880659,4151538.630000001,24.95933364880659,22168595.84,5535384.84,Above pace
Transfers & debt service,Trf to PARD CIP Fund,16082540.0,12061905.0,15,75.0,12061905.0,4020635.0,75.0,0.0,0.0,16082540.0,0.0,Near pace
Transfers & debt service,Trf to Cultural Arts Fund,15968425.0,16453883.28,1,75.0,11976318.75,-485458.27999999933,103.04011372442805,4477564.529999999,28.040113724428053,21938511.04,5970086.039999999,Above pace
Other operating costs,Workers' Compensation,15567697.0,13094284.799999999,33,75.0,11675772.75,2473412.200000001,84.1118940071868,1418512.0499999989,9.111894007186805,17459046.4,1891349.3999999985,Above pace
Other operating costs,Maintenance-buildings,15335249.0,6045278.890000001,141,75.0,11501436.75,9289970.11,39.42080686136887,-5456157.859999999,-35.57919313863113,8060371.853333334,-7274877.146666666,Below pace
"Supplies, technology & equipment",Rental-vehicles/buses,14967767.0,10131136.65,120,75.0,11225825.25,4836630.35,67.68635996271188,-1094688.5999999996,-7.313640037288124,13508182.200000001,-1459584.7999999989,Below pace
Transfers & debt service,Trf to Mueller Local Gov Corp,14889982.0,12408318.399999999,2,75.0,11167486.5,2481663.6000000015,83.33333378106164,1240831.8999999985,8.33333378106164,16544424.533333331,1654442.5333333313,Above pace
Other operating costs,Dental claims,14854374.0,13615729.54,2,75.0,11140780.5,1238644.460000001,91.66141595734697,2474949.039999999,16.661415957346975,18154306.05333333,3299932.053333331,Above pace
Transfers & debt service,Bad Debt Expense,14000352.0,8948967.74,9,75.0,10500264.0,5051384.26,63.919591021711454,-1551296.2599999998,-11.080408978288546,11931956.986666666,-2068395.0133333337,Below pace
Personnel & benefits,Seasonal employees,13988600.0,13663240.03,207,75.0,10491450.0,325359.97000000067,97.67410627225026,3171790.0299999993,22.674106272250256,18217653.37333333,4229053.373333331,Above pace
Transfers & debt service,Commercial paper interest,13857588.0,11321460.32,4,75.0,10393191.0,2536127.6799999997,81.69863557785092,928269.3200000003,6.698635577850922,15095280.426666668,1237692.4266666677,Above pace
Contractual services,Services-Platform as a Service,13631067.0,5497161.9,33,75.0,10223300.25,8133905.1,40.32818487356859,-4726138.35,-34.67181512643141,7329549.2,-6301517.8,Below pace
Other operating costs,Regional Radio System,13279805.0,11185628.1,23,75.0,9959853.75,2094176.9000000004,84.2303640753761,1225774.3499999996,9.230364075376102,14914170.799999999,1634365.7999999989,Above pace
Transfers & debt service,Trf to Resource Recovery CIP,13236323.0,9927242.25,1,75.0,9927242.25,3309080.75,75.0,0.0,0.0,13236323.0,0.0,Near pace
Other operating costs,Land,13215260.0,4279899.1,6,75.0,9911445.0,8935360.9,32.38603780780703,-5631545.9,-42.61396219219297,5706532.133333333,-7508727.866666667,Below pace
Transfers & debt service,Trf to Reclaimed Water Fund,12966571.0,8721021.67,3,75.0,9724928.25,4245549.33,67.25773274985345,-1003906.5800000001,-7.742267250146554,11628028.893333333,-1338542.1066666674,Below pace
"Supplies, technology & equipment",Parts for vehicles,12955148.0,12900170.629999999,95,75.0,9716361.0,54977.37000000104,99.5756330224865,3183809.629999999,24.5756330224865,17200227.506666664,4245079.506666664,Above pace
Transfers & debt service,Trf to Tourism & Promotion Fnd,12651636.0,12839850.45,2,75.0,9488727.0,-188214.44999999925,101.48766886748876,3351123.4499999993,26.487668867488765,17119800.599999998,4468164.599999998,Above pace
Other operating costs,Maintenance-grounds,12650311.0,6073178.350000001,102,75.0,9487733.25,6577132.649999999,48.00813474071902,-3414554.8999999994,-26.991865259280978,8097571.133333334,-4552739.866666666,Below pace
Other operating costs,Rental-real estate-office,12597289.0,5665005.44,87,75.0,9447966.75,6932283.56,44.97003633083277,-3782961.3099999996,-30.02996366916723,7553340.586666667,-5043948.413333333,Below pace
Contractual services,Services-benefits management,12164321.0,9611856.34,14,75.0,9123240.75,2552464.66,79.01679296361877,488615.58999999985,4.016792963618769,12815808.453333333,651487.4533333331,Near pace
Other operating costs,Compensation Adjustment,11979971.0,0.0,60,75.0,8984978.25,11979971.0,0.0,-8984978.25,-75.0,0.0,-11979971.0,Below pace
Personnel & benefits,Backcharged salary & fringes,11937700.38,1164083.63,163,75.0,8953275.285,10773616.75,9.75132222241282,-7789191.655,-65.24867777758718,1552111.5066666666,-10385588.873333335,Below pace
"Supplies, technology & equipment",Small tools/minor equipment,11679341.0,8292826.07,895,75.0,8759505.75,3386514.9299999997,71.00422934821408,-466679.6799999997,-3.995770651785918,11057101.426666668,-622239.5733333323,Near pace
Other operating costs,Intradeptl chgs-street cut rpr,11000000.0,8945529.51,4,75.0,8250000.0,2054470.4900000002,81.32299554545455,695529.5099999998,6.322995545454546,11927372.68,927372.6799999997,Above pace
Other operating costs,Terminal pay,10337699.0,12040911.44,799,75.0,7753274.25,-1703212.4399999995,116.47574029772002,4287637.1899999995,41.47574029772002,16054548.586666666,5716849.586666666,Above pace
Other operating costs,Medicare Advantage Premiums,10318975.0,8769793.38,1,75.0,7739231.25,1549181.6199999992,84.98705908290312,1030562.1300000008,9.987059082903116,11693057.840000002,1374082.8400000017,Above pace
Other operating costs,Advertising/publication,9561829.2,3404459.12,240,75.0,7171371.899999999,6157370.079999999,35.60468450952879,-3766912.7799999993,-39.39531549047121,4539278.826666667,-5022550.373333332,Below pace
Other operating costs,Subscriptions,9520728.8,5823439.31,419,75.0,7140546.600000001,3697289.490000001,61.16589845516868,-1317107.290000001,-13.83410154483132,7764585.746666666,-1756143.0533333346,Below pace
Other operating costs,Asphalt,9379862.0,7028645.66,28,75.0,7034896.5,2351216.34,74.93335893427856,-6250.839999999851,-0.06664106572144135,9371527.546666667,-8334.453333333135,Near pace
Transfers & debt service,Trf to Support Services Fund,9340294.0,9340294.0,1,75.0,7005220.5,0.0,100.0,2335073.5,25.0,12453725.333333334,3113431.333333334,Above pace
Other operating costs,Call back time,8977754.0,11541006.13,344,75.0,6733315.5,-2563252.130000001,128.55115132359384,4807690.630000001,53.55115132359384,15388008.173333334,6410254.173333334,Above pace
Personnel & benefits,Fire/Extend Coverage Insurance,8971402.0,6515438.8,20,75.0,6728551.5,2455963.2,72.62453293253384,-213112.7000000002,-2.375467067466161,8687251.733333332,-284150.26666666754,Near pace
Transfers & debt service,Trf to Housing Trust Fund,8807089.0,7414240.8,1,75.0,6605316.75,1392848.2000000002,84.18491967096053,808924.0499999998,9.184919670960525,9885654.4,1078565.4000000004,Above pace
Other operating costs,Stability pay,8651929.0,9318371.96,1235,75.0,6488946.75,-666442.9600000009,107.70282511564763,2829425.210000001,32.70282511564763,12424495.946666667,3772566.9466666672,Above pace
Other operating costs,Weekly payments,8442128.0,4390790.96,2,75.0,6331596.0,4051337.04,52.010476031635626,-1940805.04,-22.989523968364374,5854387.946666666,-2587740.0533333337,Below pace
Other operating costs,Inventory purchases,8407162.0,7024843.04,29,75.0,6305371.5,1382318.96,83.55784080287735,719471.54,8.557840802877351,9366457.386666667,959295.3866666667,Above pace
Other operating costs,Accrued Payroll,8391292.0,8391292.0,50,75.0,6293469.0,0.0,100.0,2097823.0,25.0,11188389.333333334,2797097.333333334,Above pace
Other operating costs,Multifamily Cust Asst Prog Costs,8019648.0,6556033.0,1,75.0,6014736.0,1463615.0,81.74963539546873,541297.0,6.749635395468729,8741377.333333334,721729.333333334,Above pace
Transfers & debt service,Trf to General Fnd-Emergncy Rs,7932842.0,6610701.65,1,75.0,5949631.5,1322140.3499999996,83.33333312323629,661070.1500000004,8.333333123236287,8814268.866666667,881426.8666666672,Above pace
"Supplies, technology & equipment",Software,7819277.0,3876875.94,447,75.0,5864457.75,3942401.06,49.581002693727314,-1987581.81,-25.418997306272686,5169167.92,-2650109.08,Below pace
"Supplies, technology & equipment",Safety equipment,7593700.01,4402624.25,513,75.0,5695275.0075,3191075.76,57.977326523332074,-1292650.7575000003,-17.022673476667926,5870165.666666667,-1723534.3433333328,Below pace
Other operating costs,Liability Reserve,7164000.0,6141000.1,38,75.0,5373000.0,1022999.9000000004,85.72026940256839,768000.0999999996,10.720269402568391,8188000.133333333,1024000.1333333328,Above pace
"Supplies, technology & equipment",Medical/dental supplies,7159169.0,4326428.52,196,75.0,5369376.75,2832740.4800000004,60.43199315451276,-1042948.2300000004,-14.56800684548724,5768571.359999999,-1390597.6400000006,Below pace
Contractual services,Water service,7105110.0,5395252.76,165,75.0,5328832.5,1709857.2400000002,75.93482380990582,66420.25999999978,0.9348238099058221,7193670.346666667,88560.34666666668,Near pace
Transfers & debt service,Trf to Debt Svs-Other Enterpr,7000000.0,0.0,1,75.0,5250000.0,7000000.0,0.0,-5250000.0,-75.0,0.0,-7000000.0,Below pace
"Supplies, technology & equipment",Supplemental life ins premiums,6905589.0,6029270.7,1,75.0,5179191.75,876318.2999999998,87.31001367153475,850078.9500000002,12.310013671534747,8039027.600000001,1133438.6000000006,Above pace
Transfers & debt service,Trf to Development Services,6844808.0,5740680.640000001,3,75.0,5133606.0,1104127.3599999994,83.86912591266257,607074.6400000006,8.869125912662568,7654240.853333334,809432.8533333344,Above pace
Other operating costs,Seminar/training fees,6842909.0,2286179.09,798,75.0,5132181.75,4556729.91,33.4094621161848,-2846002.66,-41.5905378838152,3048238.7866666666,-3794670.2133333334,Below pace
Other operating costs,Authorized budget,6801000.0,0.0,1,75.0,5100750.0,6801000.0,0.0,-5100750.0,-75.0,0.0,-6801000.0,Below pace
Other operating costs,Stop loss fee-health insura,6771464.0,6295116.43,9,75.0,5078598.0,476347.5700000003,92.96536805039501,1216518.4299999997,17.965368050395014,8393488.573333332,1622024.5733333323,Above pace
"Supplies, technology & equipment",Minor computer hardware,6697766.0,2638559.31,576,75.0,5023324.5,4059206.69,39.39461769790106,-2384765.19,-35.60538230209894,3518079.08,-3179686.92,Below pace
Other operating costs,Maintenance-bridges/carouse,6432000.0,3976257.33,1,75.0,4824000.0,2455742.67,61.81992117537313,-847742.6699999999,-13.180078824626868,5301676.44,-1130323.5599999996,Below pace
Contractual services,Services-janitorial,6352174.0,5340036.33,51,75.0,4764130.5,1012137.6699999999,84.06627919827133,575905.8300000001,9.066279198271332,7120048.44,767874.4400000004,Above pace
Other operating costs,Intradeptl charges,6174736.0,5348212.54,53,75.0,4631052.0,826523.46,86.61443242269792,717160.54,11.614432422697917,7130950.053333334,956214.0533333337,Above pace
Other operating costs,Decommissioning exp-NonNuclear,6000000.0,7969184.9,1,75.0,4500000.0,-1969184.9000000004,132.81974833333334,3469184.9000000004,57.81974833333334,10625579.866666667,4625579.866666667,Above pace
Contractual services,Services-Appraisal Districts,5836188.0,3234652.89,1,75.0,4377141.0,2601535.11,55.42406944395897,-1142488.1099999999,-19.57593055604103,4312870.5200000005,-1523317.4799999995,Below pace
"Supplies, technology & equipment",Other Equipment,5750508.0,2453433.09,103,75.0,4312881.0,3297074.91,42.66463223770839,-1859447.9100000001,-32.33536776229161,3271244.1199999996,-2479263.8800000004,Below pace
Contractual services,Services-medical/surgical,5734471.0,3172179.29,81,75.0,4300853.25,2562291.71,55.317731836118796,-1128673.96,-19.682268163881204,4229572.386666667,-1504898.6133333333,Below pace
Transfers & debt service,Trf to Econ Incentive Rsv Fund,5635943.0,4696619.2,3,75.0,4226957.25,939323.7999999998,83.33333392477532,469661.9500000002,8.333333924775317,6262158.933333334,626215.9333333336,Above pace
Transfers & debt service,Trf to Special Revenue Fund,5625000.0,7916267.67,14,75.0,4218750.0,-2291267.67,140.73364746666667,3697517.67,65.73364746666667,10555023.56,4930023.5600000005,Above pace
Other operating costs,Educational incentive pay,5450081.0,4706830.64,207,75.0,4087560.75,743250.3600000003,86.36258140016633,619269.8899999997,11.362581400166334,6275774.1866666665,825693.1866666665,Above pace
Transfers & debt service,Trf to Other Enterprise Fund,5418097.0,5303772.0,3,75.0,4063572.75,114325.0,97.88994180059899,1240199.25,22.88994180059899,7071696.0,1653599.0,Above pace
Contractual services,Services-Recycling Processing,5381779.0,2846991.75,3,75.0,4036334.25,2534787.25,52.90056968151238,-1189342.5,-22.09943031848762,3795989.0,-1585790.0,Below pace
Other operating costs,Allowances/other pay,5377707.0,2803080.9,352,75.0,4033280.25,2574626.1,52.12409117863803,-1230199.35,-22.875908821361968,3737441.1999999997,-1640265.8000000003,Below pace
"Supplies, technology & equipment",Clothing/clothing material,5247430.0,3116704.98,706,75.0,3935572.5,2130725.02,59.39488435291181,-818867.52,-15.60511564708819,4155606.64,-1091823.3599999999,Below pace
Other operating costs,Telephone-cellular phones,5159711.8,2541445.92,188,75.0,3869783.8499999996,2618265.88,49.255578964701094,-1328337.9299999997,-25.744421035298906,3388594.56,-1771117.2399999998,Below pace
Transfers & debt service,Trf to Facilities Mgmt Fund,5144806.0,2764171.51,5,75.0,3858604.5,2380634.49,53.72741965391892,-1094432.9900000002,-21.272580346081078,3685562.013333333,-1459243.9866666668,Below pace
Contractual services,Services - Contractual General Trades,5044590.0,3276638.9299999997,63,75.0,3783442.5,1767951.0700000003,64.95352308116219,-506803.5700000003,-10.046476918837811,4368851.906666666,-675738.0933333337,Below pace
Other operating costs,Decommissioning expense-STP,5000000.0,4133876.68,1,75.0,3750000.0,866123.3199999998,82.6775336,383876.68000000017,7.677533600000004,5511835.573333333,511835.57333333325,Above pace
Other operating costs,Educational/promotional,4990142.0,1693049.1400000001,392,75.0,3742606.5,3297092.86,33.92787499834674,-2049557.3599999999,-41.07212500165326,2257398.8533333335,-2732743.1466666665,Below pace
"Supplies, technology & equipment",Maintenance-vehicles,4918981.0,5926753.32,35,75.0,3689235.75,-1007772.3200000003,120.48742046370987,2237517.5700000003,45.48742046370987,7902337.760000001,2983356.7600000007,Above pace
Other operating costs,Agricultural/horticultural,4858814.0,3200589.72,108,75.0,3644110.5,1658224.2799999998,65.87183045080549,-443520.7799999998,-9.12816954919451,4267452.96,-591361.04,Below pace
Transfers & debt service,Trf to Transportation Fund,4820066.0,4025055.0,2,75.0,3615049.5,795011.0,83.50622169903897,410005.5,8.506221699038974,5366740.0,546674.0,Above pace
Personnel & benefits,Insurance-boiler/dwelling,4807842.0,2910344.1,1,75.0,3605881.5,1897497.9,60.53327251602694,-695537.3999999999,-14.46672748397306,3880458.8000000003,-927383.1999999997,Below pace
Grants & contributions,CDHP Contribution,4725641.0,4549647.84,3,75.0,3544230.75,175993.16000000015,96.27578226953761,1005417.0899999999,21.275782269537615,6066197.12,1340556.12,Above pace
Transfers & debt service,Trf to Reclaimed Water CIP Fnd,4657340.0,3521097.0,1,75.0,3493005.0,1136243.0,75.60317692073157,28092.0,0.6031769207315705,4694796.0,37456.0,Near pace
Contractual services,Services-landfill services,4597886.0,3395855.99,15,75.0,3448414.5,1202030.0099999998,73.8568983659012,-52558.50999999978,-1.143101634098798,4527807.986666667,-70078.01333333272,Near pace
Other operating costs,Maintenance-turbine/generator,4593500.0,7083242.899999999,28,75.0,3445125.0,-2489742.8999999994,154.20143463589855,3638117.8999999994,79.20143463589855,9444323.866666665,4850823.866666665,Above pace
Transfers & debt service,Trf to Live Music Fund,4562407.0,3802005.8,1,75.0,3421805.25,760401.2000000002,83.33333260272484,380200.5499999998,8.333332602724838,5069341.066666666,506934.0666666664,Above pace
Other operating costs,Educational travel,4437754.0,2161651.61,710,75.0,3328315.5,2276102.39,48.7104875574446,-1166663.8900000001,-26.2895124425554,2882202.1466666665,-1555551.8533333335,Below pace
Contractual services,Services - Contracutal HVAC,4181062.0,3466768.71,36,75.0,3135796.5,714293.29,82.915984264285,330972.20999999996,7.915984264285001,4622358.28,441296.28000000026,Above pace
Other operating costs,Drainage fee expense,4164951.0,3809304.71,158,75.0,3123713.25,355646.29000000004,91.4609730102467,685591.46,16.460973010246704,5079072.946666666,914121.9466666663,Above pace
Other operating costs,Pipes and fittings,4145808.0,4127507.41,122,75.0,3109356.0,18300.58999999985,99.55857603632393,1018151.4100000001,24.558576036323927,5503343.213333334,1357535.2133333338,Above pace
Other operating costs,Sand/gravel/stone,4133692.0,1593711.53,72,75.0,3100269.0,2539980.4699999997,38.55419150725308,-1506557.47,-36.44580849274692,2124948.7066666665,-2008743.2933333335,Below pace
Contractual services,Services-Credit Card Fees,4120404.0,2983253.92,131,75.0,3090303.0,1137150.08,72.40197611690505,-107049.08000000007,-2.598023883094953,3977671.893333333,-142732.10666666692,Near pace
Contractual services,Services-legal fees,4072088.0,2293345.86,56,75.0,3054066.0,1778742.1400000001,56.31867140395787,-760720.1400000001,-18.68132859604213,3057794.48,-1014293.52,Below pace
Transfers & debt service,Trf to Building Svcs CIP Fund,4002450.0,2982500.0,9,75.0,3001837.5,1019950.0,74.51685842421517,-19337.5,-0.48314157578482764,3976666.6666666665,-25783.33333333349,Near pace
Other operating costs,Books-library,3999949.0,1728855.6400000001,332,75.0,2999961.75,2271093.36,43.22194207976152,-1271106.1099999999,-31.77805792023848,2305140.8533333335,-1694808.1466666665,Below pace
Contractual services,Services-Infrastructure as a Service,3956242.0,2623205.1799999997,12,75.0,2967181.5,1333036.8200000003,66.30547827964011,-343976.3200000003,-8.694521720359887,3497606.9066666663,-458635.09333333373,Below pace
"Supplies, technology & equipment",Parts for equipment,3932552.0,2803814.24,88,75.0,2949414.0,1128737.7599999998,71.29757572182135,-145599.75999999978,-3.702424278178654,3738418.986666667,-194133.0133333332,Near pace
Other operating costs,Printing/binding/photo/repr,3926472.0,1547278.59,555,75.0,2944854.0,2379193.41,39.40633194379076,-1397575.41,-35.59366805620924,2063038.12,-1863433.88,Below pace
Other operating costs,Telephone-base cost,3917491.0,1814265.24,158,75.0,2938118.25,2103225.76,46.31191852131887,-1123853.01,-28.688081478681127,2419020.32,-1498470.6800000002,Below pace
Personnel & benefits,Liability insurance premium,3875562.0,3389179.1,5,75.0,2906671.5,486382.8999999999,87.45000338015493,482507.6000000001,12.450003380154925,4518905.466666667,643343.4666666668,Above pace
Other operating costs,Commercial Incentives-AWU,3875000.0,199711.38999999998,3,75.0,2906250.0,3675288.61,5.153842322580645,-2706538.61,-69.84615767741936,266281.85333333333,-3608718.1466666665,Below pace
Personnel & benefits,Holidays worked,3839320.0,8373973.57,853,75.0,2879490.0,-4534653.57,218.11085218215726,5494483.57,143.11085218215726,11165298.093333334,7325978.093333334,Above pace
Contractual services,Services-Books-Library-Platform as a Service,3814420.0,3295313.24,2,75.0,2860815.0,519106.7599999998,86.39093859616928,434498.2400000002,11.390938596169278,4393750.986666667,579330.9866666673,Above pace
"Supplies, technology & equipment",Rental-computer hardware,3802773.0,4045889.52,8,75.0,2852079.75,-243116.52000000002,106.39313784966917,1193809.77,31.393137849669174,5394519.36,1591746.3600000003,Above pace
"Supplies, technology & equipment",Household/cleaning supplies,3726645.0,3140429.93,327,75.0,2794983.75,586215.0699999998,84.26962938514401,345446.18000000017,9.269629385144015,4187239.9066666667,460594.90666666673,Above pace
Other operating costs,Memberships,3693622.0,2399010.2,736,75.0,2770216.5,1294611.7999999998,64.95007339679047,-371206.2999999998,-10.049926603209528,3198680.266666667,-494941.73333333293,Below pace
Other operating costs,Garbage/refuse collection,3693281.0,2634908.48,210,75.0,2769960.75,1058372.52,71.34329827597738,-135052.27000000002,-3.656701724022625,3513211.3066666666,-180069.69333333336,Near pace
Contractual services,Services-internet/cable,3649907.0,2476445.26,133,75.0,2737430.25,1173461.7400000002,67.84954411167188,-260984.99000000022,-7.150455888328125,3301927.013333333,-347979.9866666668,Below pace
"Supplies, technology & equipment",Rental-other equipment,3644766.0,2432567.0,212,75.0,2733574.5,1212199.0,66.74137653830178,-301007.5,-8.258623461698221,3243422.6666666665,-401343.3333333335,Below pace
Contractual services,Longevity pay-civil service,3642170.0,2896987.0,111,75.0,2731627.5,745183.0,79.54013678658602,165359.5,4.540136786586018,3862649.3333333335,220479.3333333335,Near pace
Transfers & debt service,Trf to CTM CIP Fund,3612609.0,2709456.75,9,75.0,2709456.75,903152.25,75.0,0.0,0.0,3612609.0,0.0,Near pace
Other operating costs,Maintenance-pipelines,3595000.0,2059104.9000000001,3,75.0,2696250.0,1535895.0999999999,57.27690959666203,-637145.0999999999,-17.72309040333797,2745473.2,-849526.7999999998,Below pace
Contractual services,Services-testing,3502898.0,1296017.8699999999,72,75.0,2627173.5,2206880.13,36.99844728564748,-1331155.6300000001,-38.00155271435252,1728023.8266666664,-1774874.1733333336,Below pace
Other operating costs,Postage,3436717.0,2933440.14,204,75.0,2577537.75,503276.85999999987,85.35588295457555,355902.39000000013,10.355882954575549,3911253.52,474536.52,Above pace
Transfers & debt service,Trf to Housing CIP Fund,3423356.0,2567517.0,1,75.0,2567517.0,855839.0,75.0,0.0,0.0,3423356.0,0.0,Near pace
Other operating costs,Commercial paper admin exp,3359077.0,3230801.3899999997,5,75.0,2519307.75,128275.61000000034,96.1812244851785,711493.6399999997,21.181224485178504,4307735.1866666665,948658.1866666665,Above pace
Other operating costs,Hardware/wire/steel,3274284.0,2015884.85,219,75.0,2455713.0,1258399.15,61.5671960648496,-439828.1499999999,-13.432803935150403,2687846.466666667,-586437.5333333332,Below pace
Transfers & debt service,Trf to Capital DS CIP (D6007),3230000.0,2422500.0,1,75.0,2422500.0,807500.0,75.0,0.0,0.0,3230000.0,0.0,Near pace
Other operating costs,Government permits and fees,3227530.0,2473098.43,160,75.0,2420647.5,754431.5699999998,76.625110533442,52450.93000000017,1.6251105334419975,3297464.5733333337,69934.57333333371,Near pace
Personnel & benefits,General Liability Insurance,3205482.0,2654013.2199999997,9,75.0,2404111.5,551468.7800000003,82.79607310226667,249901.71999999974,7.796073102266675,3538684.293333333,333202.293333333,Above pace
Other operating costs,Shift differential,3178003.0,918790.43,244,75.0,2383502.25,2259212.57,28.910936522086356,-1464711.8199999998,-46.08906347791364,1225053.9066666667,-1952949.0933333333,Below pace
Other operating costs,Miscellaneous expense,3158543.0,795766.2,102,75.0,2368907.25,2362776.8,25.19409107300423,-1573141.05,-49.80590892699577,1061021.5999999999,-2097521.4000000004,Below pace
"Supplies, technology & equipment",Office supplies,3086105.0,1307097.8800000001,1031,75.0,2314578.75,1779007.1199999999,42.35429060255565,-1007480.8699999999,-32.64570939744435,1742797.1733333336,-1343307.8266666664,Below pace
Other operating costs,Rental-copy machines,3065981.0,2057015.57,173,75.0,2299485.75,1008965.4299999999,67.0915954795545,-242470.17999999993,-7.908404520445501,2742687.4266666668,-323293.57333333325,Below pace
Grants & contributions,Grant cost-support of other,3028204.0,1960685.15,21,75.0,2271153.0,1067518.85,64.74745922005255,-310467.8500000001,-10.252540779947452,2614246.8666666667,-413957.1333333333,Below pace
Contractual services,Services-veterinary,3023736.27,1339956.17,13,75.0,2267802.2025,1683780.1,44.314584684331614,-927846.0325000002,-30.685415315668386,1786608.2266666666,-1237128.0433333335,Below pace
Other operating costs,Wireless Communications-maint,2989727.0,301325.36,28,75.0,2242295.25,2688401.64,10.07869146580942,-1940969.8900000001,-64.92130853419059,401767.14666666667,-2587959.8533333335,Below pace
Other operating costs,Maintenance-gas turbines,2975000.0,1074701.25,2,75.0,2231250.0,1900298.75,36.12441176470588,-1156548.75,-38.87558823529412,1432935.0,-1542065.0,Below pace
Transfers & debt service,Trf to Fleet Services CIP Fund,2898000.0,2173500.0,1,75.0,2173500.0,724500.0,75.0,0.0,0.0,2898000.0,0.0,Near pace
Other operating costs,Phone allowance,2796900.0,2543455.93,950,75.0,2097675.0,253444.06999999983,90.93839357860489,445780.93000000017,15.938393578604888,3391274.5733333337,594374.5733333337,Above pace
Other operating costs,Shift differential-Civil Serv,2713200.0,1964312.31,85,75.0,2034900.0,748887.69,72.39836023883238,-70587.68999999994,-2.6016397611676183,2619083.08,-94116.91999999993,Near pace
Other operating costs,Market Study Adjustment,2687374.0,0.0,53,75.0,2015530.5,2687374.0,0.0,-2015530.5,-75.0,0.0,-2687374.0,Below pace
"Supplies, technology & equipment",Vehicle/Motored Equipment,2642938.0,712599.99,28,75.0,1982203.5,1930338.01,26.96241796061807,-1269603.51,-48.03758203938193,950133.32,-1692804.6800000002,Below pace
Other operating costs,Long-term disability premiums,2610178.0,2153499.62,1,75.0,1957633.5,456678.3799999999,82.50393727937329,195866.1200000001,7.5039372793732895,2871332.8266666667,261154.82666666666,Above pace
Contractual services,Services-auditing,2572557.0,430568.8,11,75.0,1929417.75,2141988.2,16.736997469832545,-1498848.95,-58.263002530167455,574091.7333333333,-1998465.2666666666,Below pace
Contractual services,Consultant-benefits/compensat,2550000.0,815099.57,3,75.0,1912500.0,1734900.4300000002,31.964689019607842,-1097400.4300000002,-43.035310980392154,1086799.4266666665,-1463200.5733333335,Below pace
Transfers & debt service,Trf to Town Lake Venue D/S Fnd,2531602.0,1876200.0,1,75.0,1898701.5,655402.0,74.11117545332955,-22501.5,-0.888824546670449,2501600.0,-30002.0,Near pace
Personnel & benefits,Reimbursed overtime - paid,2522569.0,8182427.38,57,75.0,1891926.75,-5659858.38,324.3688232115752,6290500.63,249.3688232115752,10909903.173333334,8387334.173333334,Above pace
Contractual services,Services-Compost Processing,2509069.0,1043602.32,1,75.0,1881801.75,1465466.6800000002,41.5932092740375,-838199.43,-33.4067907259625,1391469.76,-1117599.24,Below pace
Other operating costs,Child care program costs,2500000.0,3716776.15,1,75.0,1875000.0,-1216776.15,148.671046,1841776.15,73.67104599999999,4955701.533333333,2455701.533333333,Above pace
Transfers & debt service,Trf to GGCIP fund,2485700.0,1868200.0,3,75.0,1864275.0,617500.0,75.15790320634027,3925.0,0.157903206340265,2490933.3333333335,5233.333333333489,Near pace
Contractual services,Services-actuary,2485400.0,1577699.97,1,75.0,1864050.0,907700.03,63.478714492637,-286350.03,-11.521285507362997,2103599.96,-381800.04000000004,Below pace
Other operating costs,Electrical/lighting,2470184.0,2190778.32,222,75.0,1852638.0,279405.68000000017,88.68887176016037,338140.31999999983,13.688871760160367,2921037.76,450853.7599999998,Above pace
Transfers & debt service,Trf to Water Revenue Stab Rsv,2464552.0,1811688.07,1,75.0,1848414.0,652863.9299999999,73.50983343017312,-36725.929999999935,-1.490166569826883,2415584.0933333333,-48967.906666666735,Near pace
Contractual services,Services-Bio Solid Reuse,2450400.0,1893920.8599999999,5,75.0,1837800.0,556479.1400000001,77.29027342474699,56120.85999999987,2.290273424746985,2525227.813333333,74827.813333333,Near pace
Contractual services,Wastewater service,2424536.0,2238312.14,143,75.0,1818402.0,186223.85999999987,92.31919592037404,419910.14000000013,17.319195920374042,2984416.186666667,559880.186666667,Above pace
Other operating costs,Bilingual Pay,2384178.0,2035398.5,517,75.0,1788133.5,348779.5,85.371079676098,247265.0,10.371079676098006,2713864.6666666665,329686.6666666665,Above pace
Contractual services,Services-hazardous mat disp,2239578.0,1378142.08,51,75.0,1679683.5,861435.9199999999,61.5357929038417,-301541.4199999999,-13.464207096158297,1837522.7733333334,-402055.22666666657,Below pace
Transfers & debt service,Trf to Vol Utility Asst (7160),2200000.0,1100000.0,1,75.0,1650000.0,1100000.0,50.0,-550000.0,-25.0,1466666.6666666667,-733333.3333333333,Below pace
Other operating costs,Bond issue costs,2146429.0,1880908.09,4,75.0,1609821.75,265520.9099999999,87.6296439341809,271086.3400000001,12.629643934180905,2507877.4533333336,361448.4533333336,Above pace
Contractual services,Services - Contractual Electrical,2095292.0,734720.81,38,75.0,1571469.0,1360571.19,35.06531834226447,-836748.19,-39.93468165773553,979627.7466666667,-1115664.2533333334,Below pace
Other operating costs,On call hours,2064384.0,2033481.81,190,75.0,1548288.0,30902.189999999944,98.50307936895462,485193.81000000006,23.503079368954616,2711309.08,646925.0800000001,Above pace
Other operating costs,Food/Ice,2026488.0,1176145.05,873,75.0,1519866.0,850342.95,58.038589421699015,-343720.94999999995,-16.961410578300985,1568193.4000000001,-458294.59999999986,Below pace
Contractual services,Services-collection costs,2008164.0,1263368.98,10,75.0,1506123.0,744795.02,62.91164367053687,-242754.02000000002,-12.088356329463132,1684491.9733333334,-323672.0266666666,Below pace
Transfers & debt service,Interest expense-notes,2000195.0,1141966.67,1,75.0,1500146.25,858228.3300000001,57.09276695522187,-358179.5800000001,-17.90723304477813,1522622.2266666666,-477572.77333333343,Below pace
Transfers & debt service,Trf to Subordinate Obligation,2000000.0,1346532.73,1,75.0,1500000.0,653467.27,67.3266365,-153467.27000000002,-7.673363499999994,1795376.9733333334,-204623.0266666666,Below pace
Transfers & debt service,Trf to Library CIP Fund,2000000.0,1500000.0,2,75.0,1500000.0,500000.0,75.0,0.0,0.0,2000000.0,0.0,Near pace
"Supplies, technology & equipment",Maintenance-aux gen equipment,1937986.0,468749.77999999997,12,75.0,1453489.5,1469236.22,24.187469878523373,-984739.72,-50.81253012147663,624999.7066666667,-1312986.2933333335,Below pace
Contractual services,Services-Dumpster Collection,1919220.0,1589358.7499999998,17,75.0,1439415.0,329861.25000000023,82.81274423984742,149943.74999999977,7.812744239847419,2119144.9999999995,199924.99999999953,Above pace
Personnel & benefits,Regular wages - part-time,1907125.0,3847377.94,79,75.0,1430343.75,-1940252.94,201.73706180769483,2417034.19,126.73706180769483,5129837.253333333,3222712.253333333,Above pace
Transfers & debt service,Trf to Airport Operating Rsv,1813205.0,1839236.0,1,75.0,1359903.75,-26031.0,101.4356346910581,479332.25,26.435634691058098,2452314.6666666665,639109.6666666665,Above pace
Other operating costs,Wellness prgrm- Workers comp medical,1807282.0,253704.31,2,75.0,1355461.5,1553577.69,14.037892813628421,-1101757.19,-60.96210718637158,338272.41333333333,-1469009.5866666667,Below pace
Other operating costs,Higher class pay,1774606.0,1701963.98,120,75.0,1330954.5,72642.02000000002,95.90658320776555,371009.48,20.90658320776555,2269285.3066666666,494679.30666666664,Above pace
Transfers & debt service,Trf to Mobility CIP,1770000.0,1327500.0,1,75.0,1327500.0,442500.0,75.0,0.0,0.0,1770000.0,0.0,Near pace
Other operating costs,Council budget carryforward,1725000.0,100000.0,12,75.0,1293750.0,1625000.0,5.797101449275362,-1193750.0,-69.20289855072464,133333.33333333334,-1591666.6666666667,Below pace
Other operating costs,Fleet-equip. accident repairs,1705000.0,1682909.85,4,75.0,1278750.0,22090.149999999907,98.70439002932551,404159.8500000001,23.70439002932551,2243879.8000000003,538879.8000000003,Above pace
Contractual services,Services - Fire Alarms,1681740.0,1082933.99,44,75.0,1261305.0,598806.01,64.3936631108257,-178371.01,-10.606336889174301,1443911.9866666666,-237828.01333333342,Below pace
Other operating costs,Rental-real estate-other,1638128.0,1126797.0,57,75.0,1228596.0,511331.0,68.7856504497817,-101799.0,-6.2143495502183015,1502396.0,-135732.0,Below pace
Other operating costs,Valves,1622221.0,1178781.69,48,75.0,1216665.75,443439.31000000006,72.66467947338865,-37884.060000000056,-2.335320526611355,1571708.92,-50512.080000000075,Near pace
Transfers & debt service,Trf to PEC Garage Fund,1617118.0,1347598.3,1,75.0,1212838.5,269519.69999999995,83.33333127205312,134759.80000000005,8.333331272053115,1796797.7333333334,179679.7333333334,Above pace
Other operating costs,Franchise Fees - Rights of Way,1600000.0,1311719.53,1,75.0,1200000.0,288280.47,81.982470625,111719.53000000003,6.982470625000005,1748959.3733333333,148959.3733333333,Above pace
"Supplies, technology & equipment",Paint/painting supplies,1593690.0,1321339.29,167,75.0,1195267.5,272350.70999999996,82.91068463753929,126071.79000000004,7.9106846375392905,1761785.72,168095.71999999997,Above pace
Transfers & debt service,Trf to PW-Transportation CIP,1549832.0,1185206.41,2,75.0,1162374.0,364625.5900000001,76.47321838754135,22832.409999999916,1.4732183875413511,1580275.2133333331,30443.213333333144,Near pace
"Supplies, technology & equipment",Gas/heating fuels,1485734.0,1345762.18,130,75.0,1114300.5,139971.82000000007,90.57894481784761,231461.67999999993,15.578944817847614,1794349.5733333332,308615.57333333325,Above pace
Other operating costs,Street/traff signs/mrkr/pos,1464810.0,912342.16,114,75.0,1098607.5,552467.84,62.28399314586875,-186265.33999999997,-12.716006854131251,1216456.2133333334,-248353.78666666662,Below pace
"Supplies, technology & equipment",Rental-heavy equipment,1462194.0,1195190.45,38,75.0,1096645.5,267003.55000000005,81.73952635559988,98544.94999999995,6.739526355599878,1593587.2666666666,131393.2666666666,Above pace
Contractual services,Vision Program Services,1431480.0,1169535.72,2,75.0,1073610.0,261944.28000000003,81.70115684466427,95925.71999999997,6.701156844664268,1559380.96,127900.95999999996,Above pace
Other operating costs,Payments to survivors,1426288.0,536369.18,1,75.0,1069716.0,889918.82,37.60595195360264,-533346.82,-37.39404804639736,715158.9066666667,-711129.0933333333,Below pace
Other operating costs,Interdeptl-admin Conv Ctr/PEC,1412408.0,1177000.0,5,75.0,1059306.0,235408.0,83.33286132618903,117694.0,8.332861326189033,1569333.3333333333,156925.33333333326,Above pace
Other operating costs,Rental-real estate-warehouse,1400485.0,1492585.96,15,75.0,1050363.75,-92100.95999999996,106.57636176039016,442222.20999999996,31.576361760390157,1990114.6133333333,589629.6133333333,Above pace
Other operating costs,Drugs,1391715.0,754398.31,22,75.0,1043786.25,637316.69,54.20637917964526,-289387.93999999994,-20.79362082035474,1005864.4133333334,-385850.58666666655,Below pace
Transfers & debt service,Trf to Planning and Dev CIP,1367820.0,1025865.0,3,75.0,1025865.0,341955.0,75.0,0.0,0.0,1367820.0,0.0,Near pace
Contractual services,Services-chiropractic,1350923.0,187107.38,1,75.0,1013192.25,1163815.62,13.850336399631955,-826084.87,-61.149663600368044,249476.50666666668,-1101446.4933333334,Below pace
Other operating costs,Meters,1303152.0,1248622.3,10,75.0,977364.0,54529.69999999995,95.81555336599261,271258.30000000005,20.815553365992614,1664829.7333333334,361677.7333333334,Above pace
Other operating costs,Travel City Business,1277468.0,972600.97,216,75.0,958101.0,304867.03,76.13505543778787,14499.969999999972,1.1350554377878694,1296801.2933333332,19333.29333333322,Near pace
Contractual services,Services-physical therapy,1273520.0,787382.02,1,75.0,955140.0,486137.98,61.82722061687292,-167757.97999999998,-13.172779383127079,1049842.6933333334,-223677.30666666664,Below pace
Other operating costs,Office furnishings,1252519.0,284729.85,271,75.0,939389.25,967789.15,22.732577310204473,-654659.4,-52.267422689795524,379639.8,-872879.2,Below pace
Other operating costs,Maintenance-chillers,1210511.0,539891.88,5,75.0,907883.25,670619.12,44.60032829111012,-367991.37,-30.399671708889883,719855.84,-490655.16000000003,Below pace
"Supplies, technology & equipment",Const/repair material-other,1206239.0,628167.1,64,75.0,904679.25,578071.9,52.07650391008747,-276512.15,-22.923496089912533,837556.1333333333,-368682.8666666667,Below pace
Other operating costs,Trash carts,1142300.0,756295.36,2,75.0,856725.0,386004.64,66.20812045872363,-100429.64000000001,-8.791879541276373,1008393.8133333334,-133906.18666666665,Below pace
Contractual services,Professional registration,1134621.0,546405.1,561,75.0,850965.75,588215.9,48.15749928830861,-304560.65,-26.842500711691393,728540.1333333333,-406080.8666666667,Below pace
Contractual services,Services-inspection,1121035.0,372456.43,31,75.0,840776.25,748578.5700000001,33.22433554706142,-468319.82,-41.77566445293858,496608.5733333333,-624426.4266666668,Below pace
Contractual services,Chilled water service,1104721.0,1323572.69,12,75.0,828540.75,-218851.68999999994,119.8105847539786,495031.93999999994,44.8105847539786,1764763.5866666667,660042.5866666667,Above pace
Other operating costs,Training-city wide,1086730.0,476595.94,99,75.0,815047.5,610134.06,43.8559660633276,-338451.56,-31.1440339366724,635461.2533333333,-451268.7466666667,Below pace
"Supplies, technology & equipment",Police supplies,1076782.0,366096.51,36,75.0,807586.5,710685.49,33.99912981457714,-441489.99,-41.00087018542286,488128.68,-588653.3200000001,Below pace
Contractual services,Services-legal fees benefit,1034422.0,873720.12,1,75.0,775816.5,160701.88,84.46457248589067,97903.62,9.46457248589067,1164960.16,130538.15999999992,Above pace
Other operating costs,Bridges/carousels,1020000.0,858789.46,5,75.0,765000.0,161210.54000000004,84.19504509803922,93789.45999999996,9.195045098039216,1145052.6133333333,125052.61333333328,Above pace
Other operating costs,Toll Road - Tx Tag,1018494.0,836155.64,189,75.0,763870.5,182338.36,82.0972573230672,72285.14000000001,7.097257323067197,1114874.1866666668,96380.18666666676,Above pace
Other operating costs,Assignment pay,1018000.0,2260437.05,85,75.0,763500.0,-1242437.0499999998,222.04686149312374,1496937.0499999998,147.04686149312374,3013916.0666666664,1995916.0666666664,Above pace
Other operating costs,Taxes-city owned property,1006000.0,0.0,3,75.0,754500.0,1006000.0,0.0,-754500.0,-75.0,0.0,-1006000.0,Below pace
Contractual services,Consultant-financial,995982.0,390011.26,12,75.0,746986.5,605970.74,39.15846471120964,-356975.24,-35.84153528879036,520015.01333333337,-475966.98666666663,Below pace
Other operating costs,Customer Assistance Prog Costs,975000.0,364481.38,1,75.0,731250.0,610518.62,37.38270564102564,-366768.62,-37.61729435897436,485975.17333333334,-489024.82666666666,Below pace
Other operating costs,Awards and Recognition,968781.0,474143.53,1233,75.0,726585.75,494637.47,48.94228210503716,-252442.21999999997,-26.057717894962842,632191.3733333334,-336589.6266666666,Below pace
Other operating costs,Wastewater svcs-interlocal,944800.0,367262.47,3,75.0,708600.0,577537.53,38.87198031329382,-341337.53,-36.12801968670618,489683.2933333333,-455116.7066666667,Below pace
Personnel & benefits,Life insurance premiums,934777.0,820108.29,2,75.0,701082.75,114668.70999999996,87.7330411424329,119025.54000000004,12.733041142432896,1093477.72,158700.71999999997,Above pace
Contractual services,Water Services Interlocal,900000.0,778060.25,1,75.0,675000.0,121939.75,86.45113888888889,103060.25,11.451138888888892,1037413.6666666666,137413.66666666663,Above pace
Other operating costs,Explosives/blasting,897931.0,668456.99,9,75.0,673448.25,229474.01,74.44413768986703,-4991.260000000009,-0.5558623101329658,891275.9866666667,-6655.013333333307,Near pace
"Supplies, technology & equipment",Building material,880456.0,475108.77,189,75.0,660342.0,405347.23,53.96167099775571,-185233.22999999998,-21.03832900224429,633478.36,-246977.64,Below pace
Transfers & debt service,Trf to FSD CIP Fund,866183.0,225425.0,4,75.0,649637.25,640758.0,26.025100931327444,-424212.25,-48.974899068672556,300566.6666666667,-565616.3333333333,Below pace
Transfers & debt service,Trf to Parking CIP,848651.0,636488.25,1,75.0,636488.25,212162.75,75.0,0.0,0.0,848651.0,0.0,Near pace
"Supplies, technology & equipment",Computer Hardware,831635.0,18466.83,32,75.0,623726.25,813168.17,2.2205450708544014,-605259.42,-72.7794549291456,24622.440000000002,-807012.56,Below pace
Contractual services,Services-Prepared Food and Catering,830483.0,718083.13,276,75.0,622862.25,112399.87,86.46572295880831,95220.88,11.465722958808314,957444.1733333333,126961.17333333334,Above pace
Contractual services,Services-hospital outpatient,824492.0,899724.08,1,75.0,618369.0,-75232.07999999996,109.12465857764539,281355.07999999996,34.12465857764539,1199632.1066666667,375140.1066666667,Above pace
Other operating costs,Elctrcal conductors-hardware,784681.0,994928.03,44,75.0,588510.75,-210247.03000000003,126.79394938835017,406417.28,51.79394938835017,1326570.7066666668,541889.7066666668,Above pace
Contractual services,Services-IT Installations,728560.0,815374.2,74,75.0,546420.0,-86814.19999999995,111.91586142527726,268954.19999999995,36.91586142527726,1087165.5999999999,358605.59999999986,Above pace
Other operating costs,Federal unemployment tax co,701726.0,530983.11,20,75.0,526294.5,170742.89,75.66815395182735,4688.609999999986,0.6681539518273496,707977.48,6251.479999999981,Near pace
Other operating costs,Field training officer pay,683489.0,346680.12,35,75.0,512616.75,336808.88,50.72212135089226,-165936.63,-24.27787864910774,462240.16,-221248.84000000003,Below pace
Contractual services,Services-interpretation,670267.0,661391.59,65,75.0,502700.25,8875.410000000033,98.67583962808851,158691.33999999997,23.67583962808851,881855.4533333333,211588.45333333325,Above pace
"Supplies, technology & equipment",Recreational supplies,662516.0,728375.0700000001,102,75.0,496887.0,-65859.07000000007,109.94075161958352,231488.07000000007,34.94075161958352,971166.7600000001,308650.7600000001,Above pace
Other operating costs,Raw water - purchased,650000.0,480166.74,4,75.0,487500.0,169833.26,73.87180615384615,-7333.260000000009,-1.1281938461538488,640222.32,-9777.680000000051,Near pace
"Supplies, technology & equipment",Radio equipment,639826.0,113744.24,52,75.0,479869.5,526081.76,17.777370722665225,-366125.26,-57.222629277334775,151658.98666666666,-488167.0133333333,Below pace
Other operating costs,Food/storage for animals,621706.0,492864.88,16,75.0,466279.5,128841.12,79.27619807433095,26585.380000000005,4.276198074330949,657153.1733333333,35447.17333333334,Near pace
Contractual services,Services-translators,612935.0,120737.17,77,75.0,459701.25,492197.83,19.69820127746009,-338964.08,-55.301798722539914,160982.89333333334,-451952.1066666667,Below pace
Other operating costs,Tfr to Util D/S Tax/Rev Bonds,604004.0,12311.85,2,75.0,453003.0,591692.15,2.038372262435348,-440691.15,-72.96162773756465,16415.8,-587588.2,Below pace
Contractual services,Services-investigations,601200.0,78886.7,7,75.0,450900.0,522313.3,13.121540252827678,-372013.3,-61.87845974717232,105182.26666666666,-496017.73333333334,Below pace
Other operating costs,Cement/concrete,595857.0,345714.67,55,75.0,446892.75,250142.33000000002,58.019737957261555,-101178.08000000002,-16.980262042738445,460952.8933333333,-134904.1066666667,Below pace
Other operating costs,Parking costs,564595.0,558764.0900000001,212,75.0,423446.25,5830.909999999916,98.96724023415015,135317.84000000008,23.967240234150154,745018.7866666667,180423.78666666674,Above pace
"Supplies, technology & equipment",Security equipment,562318.0,445453.6,54,75.0,421738.5,116864.40000000002,79.21738233526226,23715.099999999977,4.217382335262258,593938.1333333333,31620.133333333302,Near pace
Contractual services,Consultant-engineering,557000.0,127480.08,10,75.0,417750.0,429519.92,22.88690843806104,-290269.92,-52.11309156193896,169973.44,-387026.56,Below pace
Transfers & debt service,TRF TO FIRE CIP (D8307),550000.0,412500.0,1,75.0,412500.0,137500.0,75.0,0.0,0.0,550000.0,0.0,Near pace
Other operating costs,Maintenance-boilers,541000.0,332292.55,6,75.0,405750.0,208707.45,61.42191312384473,-73457.45000000001,-13.578086876155268,443056.73333333334,-97943.26666666666,Below pace
Contractual services,Services-architectural,529032.0,454909.94,14,75.0,396774.0,74122.06,85.98911597030047,58135.94,10.989115970300475,606546.5866666667,77514.58666666667,Above pace
Other operating costs,Mileage reimbursements,510173.5,171975.27,551,75.0,382630.125,338198.23,33.709173447856465,-210654.855,-41.290826552143535,229300.36,-280873.14,Below pace
Other operating costs,Skill based pay,506100.0,404592.32,19,75.0,379575.0,101507.68,79.94315747875913,25017.320000000007,4.943157478759133,539456.4266666666,33356.42666666664,Near pace
Other operating costs,Building/Remodel,500500.0,10331.0,8,75.0,375375.0,490169.0,2.064135864135864,-365044.0,-72.93586413586414,13774.666666666666,-486725.3333333333,Below pace
Other operating costs,Recycling carts,500000.0,307057.92,1,75.0,375000.0,192942.08000000002,61.411584,-67942.08000000002,-13.588416000000002,409410.56,-90589.44,Below pace
Contractual services,Services-survey,487211.0,134751.61000000002,16,75.0,365408.25,352459.39,27.657751980148234,-230656.63999999998,-47.342248019851766,179668.81333333335,-307542.18666666665,Below pace
Contractual services,Services-pest control,486294.0,384102.66,115,75.0,364720.5,102191.34000000003,78.9856876704216,19382.159999999974,3.9856876704215978,512136.87999999995,25842.879999999946,Near pace
Other operating costs,Storm drainage,463000.0,98798.38,2,75.0,347250.0,364201.62,21.338742980561555,-248451.62,-53.661257019438445,131731.17333333334,-331268.82666666666,Below pace
Other operating costs,Fleet-equip.unsched. repairs,461152.0,275659.11,26,75.0,345864.0,185492.89,59.77619309902158,-70204.89000000001,-15.223806900978417,367545.48,-93606.52000000002,Below pace
Contractual services,Services-Waste Collection Asst,446200.0,0.0,2,75.0,334650.0,446200.0,0.0,-334650.0,-75.0,0.0,-446200.0,Below pace
Contractual services,Services-appraisal,429707.0,161726.01,30,75.0,322280.25,267980.99,37.63634523058735,-160554.24,-37.36365476941265,215634.68000000002,-214072.31999999998,Below pace
Other operating costs,Elctrcal conductors-wire&cable,417998.0,880394.5999999999,43,75.0,313498.5,-462396.59999999986,210.6217254628012,566896.0999999999,135.6217254628012,1173859.4666666666,755861.4666666666,Above pace
"Supplies, technology & equipment",Fleet-equip. vehicle/equipment modification,417409.0,143656.59,37,75.0,313056.75,273752.41000000003,34.41626558124046,-169400.16,-40.58373441875954,191542.12,-225866.88,Below pace
Transfers & debt service,Trf to HUD Sec 108 Debt Svc,395350.0,329458.3,1,75.0,296512.5,65891.70000000001,83.33332490198558,32945.79999999999,8.333324901985577,439277.73333333334,43927.73333333334,Above pace
"Supplies, technology & equipment",Minor communications equipment,388706.0,78063.61,25,75.0,291529.5,310642.39,20.082944436154833,-213465.89,-54.91705556384517,104084.81333333334,-284621.18666666665,Below pace
Other operating costs,Interdeptl-other,385242.0,277406.55,12,75.0,288931.5,107835.45000000001,72.00838693600386,-11524.950000000012,-2.991613063996141,369875.39999999997,-15366.600000000035,Near pace
"Supplies, technology & equipment",Replacement Vehicles,370000.0,0.0,5,75.0,277500.0,370000.0,0.0,-277500.0,-75.0,0.0,-370000.0,Below pace
"Supplies, technology & equipment",Meter parts,366538.0,105223.89,7,75.0,274903.5,261314.11,28.707498267573893,-169679.61,-46.2925017324261,140298.52,-226239.48,Below pace
Other operating costs,Staff dev-seminars,366098.0,231317.61000000002,59,75.0,274573.5,134780.38999999998,63.18461450212784,-43255.889999999985,-11.815385497872157,308423.48000000004,-57674.51999999996,Below pace
Transfers & debt service,Trf to PID Fund,362679.0,315179.0,4,75.0,272009.25,47500.0,86.90301892306971,43169.75,11.903018923069709,420238.6666666667,57559.666666666686,Above pace
Contractual services,Services-vacant lot clearing,355000.0,104707.91,6,75.0,266250.0,250292.09,29.495185915492957,-161542.09,-45.504814084507046,139610.54666666666,-215389.45333333334,Below pace
Other operating costs,Help Program-AWU,350000.0,308729.49,1,75.0,262500.0,41270.51000000001,88.20842571428571,46229.48999999999,13.20842571428571,411639.32,61639.32000000001,Above pace
"Supplies, technology & equipment",Computer Software,344450.0,660.0,11,75.0,258337.5,343790.0,0.19160981274495573,-257677.5,-74.80839018725504,880.0,-343570.0,Below pace
Other operating costs,Clothing allowances,342190.0,398322.04,137,75.0,256642.5,-56132.03999999998,116.40376399076537,141679.53999999998,41.40376399076537,531096.0533333333,188906.05333333334,Above pace
Transfers & debt service,Tfr to Utility Debt Mgmt Fund,339458.0,6919.4,1,75.0,254593.5,332538.6,2.038367043934743,-247674.1,-72.96163295606526,9225.866666666667,-330232.13333333336,Below pace
Other operating costs,Interpeptl-PW PMD charges,335571.0,206347.96000000002,8,75.0,251678.25,129223.03999999998,61.49159492328003,-45330.28999999998,-13.508405076719967,275130.61333333334,-60440.38666666666,Below pace
Other operating costs,Refrigerant components-HVAC,331200.0,548254.51,21,75.0,248400.0,-217054.51,165.5357820048309,299854.51,90.5357820048309,731006.0133333333,399806.0133333333,Above pace
Other operating costs,Telephone-long distance,328276.0,62070.97,66,75.0,246207.0,266205.03,18.90816568984635,-184136.03,-56.09183431015365,82761.29333333333,-245514.70666666667,Below pace
Other operating costs,Transportation fee expense,323000.0,106599.43999999997,12,75.0,242250.0,216400.56000000003,33.002922600619186,-135650.56000000003,-41.997077399380814,142132.58666666664,-180867.41333333336,Below pace
Other operating costs,Maintenance-electric motors,317961.0,99274.28,12,75.0,238470.75,218686.72,31.222156176386413,-139196.47,-43.77784382361359,132365.70666666667,-185595.29333333333,Below pace
Other operating costs,Identification,316033.0,137926.61,65,75.0,237024.75,178106.39,43.643103726509565,-99098.14000000001,-31.356896273490435,183902.14666666664,-132130.85333333336,Below pace
Other operating costs,Organics carts,304290.0,0.0,1,75.0,228217.5,304290.0,0.0,-228217.5,-75.0,0.0,-304290.0,Below pace
Other operating costs,Interpeptl-PW CSD charges,302544.0,203959.21,7,75.0,226908.0,98584.79000000001,67.4147264530118,-22948.790000000008,-7.585273546988205,271945.61333333334,-30598.386666666658,Below pace
Other operating costs,Furnishings,302000.0,5768.06,8,75.0,226500.0,296231.94,1.909953642384106,-220731.94,-73.09004635761589,7690.746666666667,-294309.25333333336,Below pace
Personnel & benefits,Employee recruiting,300472.0,329799.43,68,75.0,225354.0,-29327.429999999993,109.76045355307649,104445.43,34.76045355307649,439732.5733333333,139260.5733333333,Above pace
Contractual services,Services-court costs,299509.0,300208.67,48,75.0,224631.75,-699.6699999999837,100.2336056679432,75576.91999999998,25.233605667943195,400278.2266666666,100769.22666666663,Above pace
Other operating costs,Luminaires & streetlight equip,276750.0,352947.29,6,75.0,207562.5,-76197.28999999998,127.53289611562782,145384.78999999998,52.53289611562782,470596.38666666666,193846.38666666666,Above pace
Other operating costs,Interdeptl-PW CPM charges,272700.0,30585.73,16,75.0,204525.0,242114.27,11.215889255592225,-173939.27,-63.784110744407776,40780.973333333335,-231919.02666666667,Below pace
Other operating costs,Claims accrual - FSD only,270977.0,9392.0,52,75.0,203232.75,261585.0,3.4659768172206498,-193840.75,-71.53402318277935,12522.666666666666,-258454.33333333334,Below pace
Other operating costs,WC terminal payments,255290.0,62790.91,1,75.0,191467.5,192499.09,24.595914450233067,-128676.59,-50.40408554976693,83721.21333333333,-171568.78666666668,Below pace
Other operating costs,Accident pay,239782.0,7884049.89,1153,75.0,179836.5,-7644267.89,3288.007394216413,7704213.39,3213.007394216413,10512066.52,10272284.52,Above pace
Other operating costs,Maintenance-office equipmen,231201.0,33839.88,25,75.0,173400.75,197361.12,14.636562990644503,-139560.87,-60.36343700935549,45119.84,-186081.16,Below pace
"Supplies, technology & equipment",Computer supplies,229833.0,39563.05,212,75.0,172374.75,190269.95,17.213824820630634,-132811.7,-57.786175179369366,52750.73333333334,-177082.26666666666,Below pace
Personnel & benefits,Employee bus passes,208000.0,75456.24,1,75.0,156000.0,132543.76,36.27703846153847,-80543.76,-38.72296153846153,100608.32,-107391.68,Below pace
Other operating costs,Maintenance-airport runways,200000.0,39355.98,1,75.0,150000.0,160644.02,19.67799,-110644.01999999999,-55.32201,52474.64000000001,-147525.36,Below pace
Personnel & benefits,Services-employee assistance,194026.0,182721.54,1,75.0,145519.5,11304.459999999992,94.17373960190902,37202.04000000001,19.17373960190902,243628.72,49602.72,Above pace
"Supplies, technology & equipment",Medical equipment (noncapital),189472.0,89616.05,15,75.0,142104.0,99855.95,47.29778014693464,-52487.95,-27.70221985306536,119488.06666666667,-69983.93333333333,Below pace
Other operating costs,Fuses and fusing apparatus,182970.0,174454.58000000002,27,75.0,137227.5,8515.419999999984,95.34600207684319,37227.080000000016,20.34600207684319,232606.1066666667,49636.10666666669,Above pace
Other operating costs,Rental-Uniforms,178100.0,42944.7,2,75.0,133575.0,135155.3,24.11268950028074,-90630.3,-50.88731049971926,57259.6,-120840.4,Below pace
Contractual services,Services-towing,178001.0,155767.29,16,75.0,133500.75,22233.709999999992,87.50922185830417,22266.540000000008,12.509221858304173,207689.72,29688.72,Above pace
Other operating costs,"Pull boxes,svc boxes,manholes",175574.0,112436.03,18,75.0,131680.5,63137.97,64.03911171357946,-19244.47,-10.960888286420541,149914.70666666667,-25659.293333333335,Below pace
"Supplies, technology & equipment",Guardrails and materials,175000.0,37605.0,2,75.0,131250.0,137395.0,21.48857142857143,-93645.0,-53.51142857142857,50140.0,-124860.0,Below pace
"Supplies, technology & equipment",Rental-office equipment,172894.0,111606.23999999999,16,75.0,129670.5,61287.76000000001,64.55182944463081,-18064.26000000001,-10.448170555369188,148808.31999999998,-24085.680000000022,Below pace
Other operating costs,Wireless Communication-instal,168530.0,11354.51,12,75.0,126397.5,157175.49,6.737382068474456,-115042.99,-68.26261793152554,15139.346666666666,-153390.65333333332,Below pace
Personnel & benefits,Insurance-temporary employees,166555.0,3351359.72,318,75.0,124916.25,-3184804.72,2012.1639818678514,3226443.47,1937.1639818678514,4468479.626666667,4301924.626666667,Above pace
Other operating costs,Mail distribution cost,165000.0,93330.0,1,75.0,123750.0,71670.0,56.56363636363636,-30420.0,-18.436363636363637,124440.0,-40560.0,Below pace
Contractual services,Legal claims/damages,162500.0,2166088.31,14,75.0,121875.0,-2003588.31,1332.9774215384616,2044213.31,1257.9774215384616,2888117.7466666666,2725617.7466666666,Above pace
Other operating costs,Claims-general liability,157500.0,166368.48,12,75.0,118125.0,-8868.48000000001,105.63078095238096,48243.48000000001,30.63078095238096,221824.64,64324.640000000014,Above pace
Contractual services,Priority mail/parcel services,157109.0,89087.52,140,75.0,117831.75,68021.48,56.70427537569458,-28744.229999999996,-18.29572462430542,118783.36,-38325.64,Below pace
"Supplies, technology & equipment",Welding supplies,156372.0,60532.65,63,75.0,117279.0,95839.35,38.71067070831095,-56746.35,-36.28932929168905,80710.2,-75661.8,Below pace
Contractual services,Services-hospital inpatient,153983.0,122194.69,1,75.0,115487.25,31788.309999999998,79.35596137235929,6707.440000000002,4.355961372359289,162926.25333333333,8943.253333333327,Near pace
Contractual services,Services-environmnt assessment,152490.0,55402.62,13,75.0,114367.5,97087.38,36.33196930946291,-58964.88,-38.66803069053709,73870.16,-78619.84,Below pace
"Supplies, technology & equipment",Animal Supplies,152202.0,99781.14,17,75.0,114151.5,52420.86,65.55836322781566,-14370.36,-9.441636772184339,133041.52,-19160.48000000001,Below pace
Other operating costs,Bad weather pay,152000.0,0.0,1210,75.0,114000.0,152000.0,0.0,-114000.0,-75.0,0.0,-152000.0,Below pace
Personnel & benefits,Contribution to 401a Retirement,146335.0,146335.8,11,75.0,109751.25,-0.7999999999883585,100.00054669081217,36584.54999999999,25.000546690812172,195114.4,48779.399999999994,Above pace
Other operating costs,Fibre-optic,140000.0,83254.88,4,75.0,105000.0,56745.119999999995,59.46777142857143,-21745.119999999995,-15.532228571428568,111006.50666666667,-28993.493333333332,Below pace
Other operating costs,Interdeptl-salaries/fringe,135750.0,-110958.65,6,75.0,101812.5,246708.65,-81.73749539594843,-212771.15,-156.73749539594843,-147944.86666666667,-283694.8666666667,Below pace
"Supplies, technology & equipment",Relays and relaying equipment,131966.0,37760.479999999996,16,75.0,98974.5,94205.52,28.61379446220996,-61214.020000000004,-46.38620553779004,50347.306666666664,-81618.69333333333,Below pace
Contractual services,Services-IT,130652.0,0.0,8,75.0,97989.0,130652.0,0.0,-97989.0,-75.0,0.0,-130652.0,Below pace
Other operating costs,Uninventoried freight,127336.0,134882.31999999998,20,75.0,95502.0,-7546.319999999978,105.92630520826788,39380.31999999998,30.926305208267877,179843.0933333333,52507.093333333294,Above pace
Other operating costs,Dental HMO Premiums,125003.0,95617.9,1,75.0,93752.25,29385.100000000006,76.49248418037968,1865.6499999999942,1.4924841803796767,127490.53333333333,2487.5333333333256,Near pace
Other operating costs,Freight,123995.0,85979.56,63,75.0,92996.25,38015.44,69.34115085285697,-7016.690000000002,-5.65884914714303,114639.41333333333,-9355.58666666667,Below pace
Other operating costs,Electrical switchgear,123536.0,11084.83,10,75.0,92652.0,112451.17,8.972955251910374,-81567.17,-66.02704474808962,14779.773333333333,-108756.22666666667,Below pace
Other operating costs,Tool allowances,120500.0,109524.56999999999,20,75.0,90375.0,10975.430000000008,90.89175933609958,19149.569999999992,15.891759336099582,146032.75999999998,25532.75999999998,Above pace
Other operating costs,"Poles, towers, steel",118000.0,69352.23999999999,3,75.0,88500.0,48647.76000000001,58.7730847457627,-19147.76000000001,-16.226915254237298,92469.65333333332,-25530.34666666668,Below pace
Contractual services,Services-armored courier,116142.0,60175.98,22,75.0,87106.5,55966.02,51.812419279847084,-26930.519999999997,-23.187580720152916,80234.64,-35907.36,Below pace
Other operating costs,Photographic,108951.0,54031.29,67,75.0,81713.25,54919.71,49.59228460500592,-27681.96,-25.407715394994078,72041.72,-36909.28,Below pace
Personnel & benefits,Bond/Theft/Prof Liab Insurance,107520.0,57146.97,47,75.0,80640.0,50373.03,53.15008370535714,-23493.03,-21.84991629464286,76195.96,-31324.039999999994,Below pace
Other operating costs,Small electric motors-water ut,102819.0,24685.339999999997,11,75.0,77114.25,78133.66,24.008539277759944,-52428.91,-50.991460722240056,32913.78666666666,-69905.21333333335,Below pace
Transfers & debt service,Trf to 2nd Street TIF Fund,100000.0,100000.0,1,75.0,75000.0,0.0,100.0,25000.0,25.0,133333.33333333334,33333.33333333334,Above pace
Other operating costs,Claims-auto liability,100000.0,1299172.82,19,75.0,75000.0,-1199172.82,1299.17282,1224172.82,1224.17282,1732230.4266666668,1632230.4266666668,Above pace
Other operating costs,Household Efficiency-AWU,81410.0,8356.9,1,75.0,61057.5,73053.1,10.265200835278222,-52700.6,-64.73479916472178,11142.533333333333,-70267.46666666667,Below pace
Other operating costs,Landscape Conversion Rebate-AWU,80000.0,64767.68,1,75.0,60000.0,15232.32,80.9596,4767.68,5.959599999999995,86356.90666666666,6356.906666666662,Above pace
Other operating costs,Emergency systems telephone,77916.0,58962.520000000004,3,75.0,58437.0,18953.479999999996,75.6744699419888,525.5200000000041,0.6744699419888036,78616.69333333334,700.6933333333436,Near pace
Other operating costs,Improvements to Grounds,73000.0,-3469.83,4,75.0,54750.0,76469.83,-4.7531917808219175,-58219.83,-79.75319178082192,-4626.44,-77626.44,Below pace
Other operating costs,Rainwater Harvesting Rebate-AWU,69826.0,42803.86,3,75.0,52369.5,27022.14,61.30074757253745,-9565.64,-13.699252427462547,57071.81333333333,-12754.186666666668,Below pace
Other operating costs,Capacitors,66500.0,5028.37,3,75.0,49875.0,61471.63,7.561458646616542,-44846.63,-67.43854135338346,6704.493333333333,-59795.50666666667,Below pace
Other operating costs,Maintenance-hydraulic equipmnt,65500.0,20968.06,6,75.0,49125.0,44531.94,32.01230534351146,-28156.94,-42.98769465648854,27957.413333333334,-37542.58666666667,Below pace
Other operating costs,Wireless Communication-towers,64560.0,0.0,4,75.0,48420.0,64560.0,0.0,-48420.0,-75.0,0.0,-64560.0,Below pace
Other operating costs,Training-basics,63698.0,18254.12,35,75.0,47773.5,45443.880000000005,28.657289082859744,-29519.38,-46.34271091714025,24338.826666666664,-39359.17333333334,Below pace
Other operating costs,Electrical transformers,57360.0,56354.34,10,75.0,43020.0,1005.6600000000035,98.24675732217574,13334.339999999997,23.24675732217574,75139.12,17779.119999999995,Above pace
Other operating costs,"Poles, streetlight",56000.0,303857.17,8,75.0,42000.0,-247857.16999999998,542.6020892857143,261857.16999999998,467.6020892857143,405142.8933333333,349142.8933333333,Above pace
Transfers & debt service,Trf to Barton Springs Consrvtn,53000.0,53000.0,1,75.0,39750.0,0.0,100.0,13250.0,25.0,70666.66666666667,17666.66666666667,Above pace
Contractual services,Services-medical stipend,50000.0,42057.34,1,75.0,37500.0,7942.6600000000035,84.11468,4557.3399999999965,9.114680000000007,56076.45333333333,6076.453333333331,Above pace
Other operating costs,Structured settlements,50000.0,28482.05,1,75.0,37500.0,21517.95,56.9641,-9017.95,-18.035899999999998,37976.066666666666,-12023.933333333334,Below pace
Other operating costs,PCS administration costs,50000.0,0.0,1,75.0,37500.0,50000.0,0.0,-37500.0,-75.0,0.0,-50000.0,Below pace
Other operating costs,Tires/tubes,49525.0,45582.909999999996,15,75.0,37143.75,3942.090000000004,92.04020191822312,8439.159999999996,17.04020191822312,60777.213333333326,11252.213333333326,Above pace
Other operating costs,Dietary hardware,47848.0,19410.82,93,75.0,35886.0,28437.18,40.56767262999498,-16475.18,-34.43232737000502,25881.093333333334,-21966.906666666666,Below pace
Contractual services,Interdept-Services Carpentry,42788.0,0.0,13,75.0,32091.0,42788.0,0.0,-32091.0,-75.0,0.0,-42788.0,Below pace
Contractual services,Services-land planner,40000.0,0.0,3,75.0,30000.0,40000.0,0.0,-30000.0,-75.0,0.0,-40000.0,Below pace
Contractual services,Services-sign language,40000.0,9227.75,8,75.0,30000.0,30772.25,23.069375,-20772.25,-51.930625,12303.666666666666,-27696.333333333336,Below pace
Other operating costs,Invn adj-obsolescence,40000.0,240944.36,2,75.0,30000.0,-200944.36,602.3609,210944.36,527.3609,321259.14666666667,281259.14666666667,Above pace
Other operating costs,Telephone language line,38500.0,24874.949999999997,5,75.0,28875.0,13625.050000000003,64.61025974025972,-4000.050000000003,-10.389740259740279,33166.6,-5333.4000000000015,Below pace
Other operating costs,Other paid leave,37858.0,1801552.06,168,75.0,28393.5,-1763694.06,4758.709017909028,1773158.56,4683.709017909028,2402069.4133333336,2364211.4133333336,Above pace
"Supplies, technology & equipment",Radio Communication Equipment,37000.0,0.0,3,75.0,27750.0,37000.0,0.0,-27750.0,-75.0,0.0,-37000.0,Below pace
"Supplies, technology & equipment",Boiler equipment,36000.0,0.0,7,75.0,27000.0,36000.0,0.0,-27000.0,-75.0,0.0,-36000.0,Below pace
Transfers & debt service,Trf to E Sixth St PID (7911),35000.0,35000.0,1,75.0,26250.0,0.0,100.0,8750.0,25.0,46666.666666666664,11666.666666666664,Above pace
Other operating costs,"Poles, wood",34600.0,102865.44,9,75.0,25950.0,-68265.44,297.2989595375723,76915.44,222.29895953757227,137153.92,102553.92000000001,Above pace
Contractual services,Interdept-Services HVAC,33000.0,0.0,6,75.0,24750.0,33000.0,0.0,-24750.0,-75.0,0.0,-33000.0,Below pace
Contractual services,Interdept-Services Electrical,32638.0,4248.0,14,75.0,24478.5,28390.0,13.015503400943686,-20230.5,-61.984496599056314,5664.0,-26974.0,Below pace
"Supplies, technology & equipment",Telephone equipment,31300.0,1729.82,23,75.0,23475.0,29570.18,5.526581469648562,-21745.18,-69.47341853035144,2306.4266666666667,-28993.573333333334,Below pace
Contractual services,Services-accounting,30000.0,2387.5,1,75.0,22500.0,27612.5,7.958333333333333,-20112.5,-67.04166666666667,3183.3333333333335,-26816.666666666668,Below pace
Other operating costs,Bedding/linen,30000.0,30548.0,12,75.0,22500.0,-548.0,101.82666666666667,8048.0,26.826666666666668,40730.666666666664,10730.666666666664,Above pace
Other operating costs,Invn adj-physical inventory,30000.0,79708.11,2,75.0,22500.0,-49708.11,265.6937,57208.11,190.69369999999998,106277.48,76277.48,Above pace
Other operating costs,Inkind costs-City,29166.0,0.0,2,75.0,21874.5,29166.0,0.0,-21874.5,-75.0,0.0,-29166.0,Below pace
Other operating costs,Laundry expense,27250.0,22128.0,21,75.0,20437.5,5122.0,81.20366972477065,1690.5,6.2036697247706485,29504.0,2254.0,Above pace
Contractual services,Services-trans (non-emerg),25270.0,9809.5,6,75.0,18952.5,15460.5,38.818757419865456,-9143.0,-36.181242580134544,13079.333333333334,-12190.666666666666,Below pace
Contractual services,Services-closing/title insur,25200.0,44.92,2,75.0,18900.0,25155.08,0.17825396825396825,-18855.08,-74.82174603174603,59.89333333333334,-25140.106666666667,Below pace
Other operating costs,Commercial Recycling Rebate,25000.0,20078.96,1,75.0,18750.0,4921.040000000001,80.31584,1328.9599999999991,5.315839999999994,26771.946666666667,1771.9466666666667,Above pace
"Supplies, technology & equipment",Packing supplies,24870.0,24966.149999999998,9,75.0,18652.5,-96.14999999999782,100.3866103739445,6313.649999999998,25.386610373944507,33288.2,8418.199999999997,Above pace
Other operating costs,Interdeptl-claims/court costs,24720.0,0.0,1,75.0,18540.0,24720.0,0.0,-18540.0,-75.0,0.0,-24720.0,Below pace
Other operating costs,Arbitrage rebate-admin exp,23408.0,16010.0,3,75.0,17556.0,7398.0,68.39542036910458,-1546.0,-6.604579630895415,21346.666666666668,-2061.333333333332,Below pace
Other operating costs,Irrigation Efficiency-AWU,22660.0,3997.98,2,75.0,16995.0,18662.02,17.64333627537511,-12997.02,-57.356663724624894,5330.64,-17329.36,Below pace
Other operating costs,Reimbursable business expen,17295.0,1414.95,27,75.0,12971.25,15880.05,8.181266261925412,-11556.3,-66.81873373807458,1886.6000000000001,-15408.4,Below pace
Transfers & debt service,TRF TO ECON GROWTH_DEV(D5507),15163.0,15163.0,2,75.0,11372.25,0.0,100.0,3790.75,25.0,20217.333333333332,5054.333333333332,Above pace
Contractual services,Interdept-Services Plumbing,15000.0,0.0,3,75.0,11250.0,15000.0,0.0,-11250.0,-75.0,0.0,-15000.0,Below pace
Other operating costs,Rental-safe deposit/postal,13511.0,15053.59,8,75.0,10133.25,-1542.5900000000001,111.41728961586855,4920.34,36.417289615868555,20071.453333333335,6560.453333333335,Above pace
Other operating costs,Util rev bnd commission exp,12580.0,391192.91,5,75.0,9435.0,-378612.91,3109.641573926868,381757.91,3034.641573926868,521590.54666666663,509010.54666666663,Above pace
Other operating costs,Meter card-seal-graph-tape,12000.0,0.0,1,75.0,9000.0,12000.0,0.0,-9000.0,-75.0,0.0,-12000.0,Below pace
Other operating costs,Pressure Reduction Valve Rebate-AWU,10713.0,1050.0,2,75.0,8034.75,9663.0,9.801176141136937,-6984.75,-65.19882385886307,1400.0,-9313.0,Below pace
Other operating costs,Interdept- Public Works-Office of City Architect charges,7000.0,69969.53,4,75.0,5250.0,-62969.53,999.5647142857143,64719.53,924.5647142857143,93292.70666666667,86292.70666666667,Above pace
Other operating costs,Gift Cards,6500.0,12541.0,5,75.0,4875.0,-6041.0,192.93846153846152,7666.0,117.93846153846152,16721.333333333332,10221.333333333332,Above pace
Other operating costs,Interpeptl-PW QMD charges,5400.0,0.0,4,75.0,4050.0,5400.0,0.0,-4050.0,-75.0,0.0,-5400.0,Below pace
"Supplies, technology & equipment",Office Equipment,5244.0,0.0,4,75.0,3933.0,5244.0,0.0,-3933.0,-75.0,0.0,-5244.0,Below pace
Contractual services,Services-transcription leg/med,5000.0,12026.22,2,75.0,3750.0,-7026.219999999999,240.5244,8276.22,165.5244,16034.96,11034.96,Above pace
Other operating costs,Discretionary relocation allow,5000.0,10000.0,5,75.0,3750.0,-5000.0,200.0,6250.0,125.0,13333.333333333334,8333.333333333334,Above pace
Other operating costs,Zero Waste Event Rebate,4000.0,611.81,1,75.0,3000.0,3388.19,15.295249999999998,-2388.19,-59.704750000000004,815.7466666666666,-3184.2533333333336,Below pace
Other operating costs,Other costs,2112.0,-652.8599999999999,3,75.0,1584.0,2764.8599999999997,-30.911931818181813,-2236.8599999999997,-105.91193181818181,-870.4799999999999,-2982.48,Below pace
Personnel & benefits,Sick pay,1500.0,45867114.32,1301,75.0,1125.0,-45865614.32,3057807.621333333,45865989.32,3057732.621333333,61156152.42666667,61154652.42666667,Above pace
Other operating costs,Interdeptl-indirect cost,730.0,0.0,2,75.0,547.5,730.0,0.0,-547.5,-75.0,0.0,-730.0,Below pace
Other operating costs,Credit Card Admin Fees,200.0,2127.75,21,75.0,150.0,-1927.75,1063.875,1977.75,988.875,2837.0,2637.0,Above pace
"Supplies, technology & equipment",Fuel-auxiliary equipment,100.0,72.0,2,75.0,75.0,28.0,72.0,-3.0,-3.0,96.0,-4.0,Near pace
Contractual services,Services-Wellness Program,0.0,22496.98,2,75.0,0.0,-22496.98,,22496.98,,29995.97333333333,29995.97333333333,Review: spend without budget
Contractual services,Services-Employment Verification,0.0,0.0,1,75.0,0.0,0.0,,0.0,,0.0,0.0,Review: non-positive budget
Contractual services,Service Incentive Enhancement,0.0,0.0,29,75.0,0.0,0.0,,0.0,,0.0,0.0,Review: non-positive budget
Other operating costs,Health Care Reform Fees & Taxes,0.0,106829.29000000001,3,75.0,0.0,-106829.29000000001,,106829.29000000001,,142439.05333333334,142439.05333333334,Review: spend without budget
Other operating costs,Interdeptl-records retention,0.0,69.7,1,75.0,0.0,-69.7,,69.7,,92.93333333333334,92.93333333333334,Review: spend without budget
Other operating costs,Short-term disability premiums,0.0,0.0,1,75.0,0.0,0.0,,0.0,,0.0,0.0,Review: non-positive budget
Other operating costs,Staff dev-travel,0.0,0.0,1,75.0,0.0,0.0,,0.0,,0.0,0.0,Review: non-positive budget
Other operating costs,Surety bond amort expense,0.0,13854.12,1,75.0,0.0,-13854.12,,13854.12,,18472.16,18472.16,Review: spend without budget
Contractual services,Interdeptl-contractual svcs,0.0,0.0,1,75.0,0.0,0.0,,0.0,,0.0,0.0,Review: non-positive budget
Other operating costs,STP FAS 148,0.0,-201502.23,1,75.0,0.0,201502.23,,-201502.23,,-268669.64,-268669.64,Review: non-positive budget
Other operating costs,Severance pay,0.0,7224.3,9,75.0,0.0,-7224.3,,7224.3,,9632.4,9632.4,Review: spend without budget
Other operating costs,Loan Proceeds Disbursements,0.0,3813.07,4,75.0,0.0,-3813.07,,3813.07,,5084.093333333333,5084.093333333333,Review: spend without budget
Other operating costs,Loss on disposal of assets,0.0,-509519.88,1,75.0,0.0,509519.88,,-509519.88,,-679359.84,-679359.84,Review: non-positive budget
Other operating costs,Jury leave,0.0,275595.58,1229,75.0,0.0,-275595.58,,275595.58,,367460.7733333334,367460.7733333334,Review: spend without budget
Transfers & debt service,Trf of Capital Assets,0.0,0.0,2,75.0,0.0,0.0,,0.0,,0.0,0.0,Review: non-positive budget
Transfers & debt service,TRF TO EMS CIP (D9307),0.0,0.0,1,75.0,0.0,0.0,,0.0,,0.0,0.0,Review: non-positive budget
Transfers & debt service,Trf To GF Budget Stablztn Fund,0.0,0.0,2,75.0,0.0,0.0,,0.0,,0.0,0.0,Review: non-positive budget
Contractual services,Services-land acquisition,0.0,0.0,2,75.0,0.0,0.0,,0.0,,0.0,0.0,Review: non-positive budget
Other operating costs,Leave buyout,0.0,0.0,1,75.0,0.0,0.0,,0.0,,0.0,0.0,Review: non-positive budget
Transfers & debt service,Trf to Health CIP Fund,0.0,0.0,1,75.0,0.0,0.0,,0.0,,0.0,0.0,Review: non-positive budget
Other operating costs,Invn adj-purchase price,0.0,-51345.76,1,75.0,0.0,51345.76,,-51345.76,,-68461.01333333334,-68461.01333333334,Review: non-positive budget
Personnel & benefits,Personal holiday pay,0.0,14044747.34,1280,75.0,0.0,-14044747.34,,14044747.34,,18726329.786666665,18726329.786666665,Review: spend without budget
Other operating costs,Unclaimed Property Disbursement,0.0,233.52,1,75.0,0.0,-233.52,,233.52,,311.36,311.36,Review: spend without budget
Other operating costs,Tfr to Utility D/S Sub Lien,0.0,764.38,3,75.0,0.0,-764.38,,764.38,,1019.1733333333333,1019.1733333333333,Review: spend without budget
Other operating costs,Tfr to Utility D/S S/L WDB,0.0,0.0,1,75.0,0.0,0.0,,0.0,,0.0,0.0,Review: non-positive budget
Other operating costs,Electric Generators,0.0,0.0,1,75.0,0.0,0.0,,0.0,,0.0,0.0,Review: non-positive budget
"Supplies, technology & equipment",Auxiliary generation equipment,0.0,0.0,1,75.0,0.0,0.0,,0.0,,0.0,0.0,Review: non-positive budget
Other operating costs,Third party admn costs to dist,0.0,1077201.21,2,75.0,0.0,-1077201.21,,1077201.21,,1436268.28,1436268.28,Review: spend without budget
Other operating costs,Tfr to Utility Reserve Fund,0.0,0.0,1,75.0,0.0,0.0,,0.0,,0.0,0.0,Review: non-positive budget
Personnel & benefits,Holiday pay,0.0,42056577.99,1288,75.0,0.0,-42056577.99,,42056577.99,,56075437.32,56075437.32,Review: spend without budget
Other operating costs,Exception vacation,0.0,14628239.36,476,75.0,0.0,-14628239.36,,14628239.36,,19504319.146666665,19504319.146666665,Review: spend without budget
Personnel & benefits,Vacation pay,0.0,72770422.34,1283,75.0,0.0,-72770422.34,,72770422.34,,97027229.78666668,97027229.78666668,Review: spend without budget
Other operating costs,Emergency leave,0.0,2023438.36,1240,75.0,0.0,-2023438.36,,2023438.36,,2697917.8133333335,2697917.8133333335,Review: spend without budget
Other operating costs,Administrative leave,0.0,9305249.86,1283,75.0,0.0,-9305249.86,,9305249.86,,12406999.813333333,12406999.813333333,Review: spend without budget
Contractual services,Services-Hazardous Testing,0.0,0.0,3,75.0,0.0,0.0,,0.0,,0.0,0.0,Review: non-positive budget
Grants & contributions,Grants to others-nonsubrecipient,0.0,0.0,1,75.0,0.0,0.0,,0.0,,0.0,0.0,Review: non-positive budget
Transfers & debt service,Interest on invoices,0.0,18160.879999999997,4,75.0,0.0,-18160.879999999997,,18160.879999999997,,24214.506666666664,24214.506666666664,Review: spend without budget
"Supplies, technology & equipment",Power plant fuel-Biomass,0.0,13265401.07,1,75.0,0.0,-13265401.07,,13265401.07,,17687201.426666666,17687201.426666666,Review: spend without budget
Other operating costs,Fleet-equip. abuse repairs,0.0,0.0,1,75.0,0.0,0.0,,0.0,,0.0,0.0,Review: non-positive budget
"Supplies, technology & equipment",Medical/lab equipment,0.0,23442.690000000002,4,75.0,0.0,-23442.690000000002,,23442.690000000002,,31256.920000000002,31256.920000000002,Review: spend without budget
"Supplies, technology & equipment",Communications Equipment,0.0,12332.92,3,75.0,0.0,-12332.92,,12332.92,,16443.893333333333,16443.893333333333,Review: spend without budget
Other operating costs,Cash over/short,0.0,-13168.539999999999,3,75.0,0.0,13168.539999999999,,-13168.539999999999,,-17558.053333333333,-17558.053333333333,Review: non-positive budget
Other operating costs,Concession operations,0.0,0.0,1,75.0,0.0,0.0,,0.0,,0.0,0.0,Review: non-positive budget
Other operating costs,Comp time used,0.0,3894247.73,499,75.0,0.0,-3894247.73,,3894247.73,,5192330.306666667,5192330.306666667,Review: spend without budget
Other operating costs,Purch.card costs to reclassify,0.0,0.0,1,75.0,0.0,0.0,,0.0,,0.0,0.0,Review: non-positive budget
Other operating costs,Military leave,0.0,654894.53,85,75.0,0.0,-654894.53,,654894.53,,873192.7066666667,873192.7066666667,Review: spend without budget
Other operating costs,Cost to be recovered,0.0,201502.23,1,75.0,0.0,-201502.23,,201502.23,,268669.64,268669.64,Review: spend without budget
Other operating costs,Parental Leave,0.0,5661202.55,466,75.0,0.0,-5661202.55,,5661202.55,,7548270.066666666,7548270.066666666,Review: spend without budget
Other operating costs,O&M CONTINGENCY,0.0,0.0,1,75.0,0.0,0.0,,0.0,,0.0,0.0,Review: non-positive budget
Transfers & debt service,Bad debt expense-non CIS,0.0,0.0,1,75.0,0.0,0.0,,0.0,,0.0,0.0,Review: non-positive budget
"Supplies, technology & equipment",Tfr to Power Supply Stabilization,0.0,0.0,1,75.0,0.0,0.0,,0.0,,0.0,0.0,Review: non-positive budget
Other operating costs,Exp Reimb - Public Information Requests,-394.0,-99940.59,35,75.0,-295.5,99546.59,25365.63197969543,-99645.09,25290.63197969543,-133254.12,-132860.12,Review: non-positive budget
Other operating costs,Subrogation,-100000.0,-207726.03,1,75.0,-75000.0,107726.03,207.72603,-132726.03,132.72603,-276968.04,-176968.03999999998,Review: non-positive budget
Other operating costs,Other 3rd party billings,-381037.0,0.0,2,75.0,-285777.75,-381037.0,-0.0,285777.75,-75.0,0.0,381037.0,Review: non-positive budget
Other operating costs,Reimb admin - Conv Ctr/PEC,-1412408.0,-1177000.0,5,75.0,-1059306.0,-235408.0,83.33286132618903,-117694.0,8.332861326189033,-1569333.3333333333,-156925.33333333326,Review: non-positive budget
Personnel & benefits,Reimbursed overtime,-1697726.0,-8979195.9,19,75.0,-1273294.5,7281469.9,528.8954695869652,-7705901.4,453.8954695869652,-11972261.200000001,-10274535.200000001,Review: non-positive budget
Other operating costs,Default inventory issues,-3749500.0,-2891543.0,2,75.0,-2812125.0,-857957.0,77.11809574609948,-79418.0,2.1180957460994847,-3855390.6666666665,-105890.66666666651,Review: non-positive budget
Other operating costs,Intradepartmental reimbursemnt,-5180875.0,-6356480.74,101,75.0,-3885656.25,1175605.7400000002,122.6912585229329,-2470824.49,47.6912585229329,-8475307.653333334,-3294432.6533333343,Review: non-positive budget
Grants & contributions,Grant reimbursement,-7335730.0,-5006166.8100000005,63,75.0,-5501797.5,-2329563.1899999995,68.24360779363472,495630.6899999995,-6.756392206365277,-6674889.080000001,660840.919999999,Review: non-positive budget
Other operating costs,Dept OH distribtd to indire,-33112797.0,-54430751.22,69,75.0,-24834597.75,21317954.22,164.37980524568795,-29596153.47,89.37980524568795,-72574334.96,-39461537.95999999,Review: non-positive budget
Other operating costs,AE customer care/other city de,-34568755.0,-28807295.84,6,75.0,-25926566.25,-5761459.16,83.33333335261857,-2880729.59,8.333333352618567,-38409727.78666667,-3840972.786666669,Review: non-positive budget
Other operating costs,Expense refunds,-61042079.0,-58823504.85,163,75.0,-45781559.25,-2218574.1499999985,96.36550034608094,-13041945.600000001,21.365500346080935,-78431339.8,-17389260.799999997,Review: non-positive budget
Other operating costs,Interdepartmental reimbursements,-66825739.0,-49763865.72,338,75.0,-50119304.25,-17061873.28,74.4681113365615,355438.5300000012,-0.5318886634384938,-66351820.96,473918.0399999991,Review: non-positive budget
Other operating costs,Reimbursement of CIP charge,-70692884.0,-59578690.58,93,75.0,-53019663.0,-11114193.420000002,84.2782005894681,-6559027.579999998,9.2782005894681,-79438254.10666667,-8745370.10666667,Review: non-positive budget
Personnel & benefits,Personnel savings,-150306937.0,0.0,933,75.0,-112730202.75,-150306937.0,-0.0,112730202.75,-75.0,0.0,150306937.0,Review: non-positive budget
